下载分组,下一步,记录ID,来源编号,题名,发现题名,发表年份_登记或来源,发现年份,作者_可能缩写,期刊或会议,DOI,DOI入口,无DOI存档入口,书目核验,相关性分级,相关性判定说明,测量方法线索,探测介质线索,全部专题线索,题名检出专题,摘要提及专题_不等于实际使用,分类依据等级,检索命中分支,调研来源,发现来源页面,优先核对代表,下载状态,本地PDF,PDF_SHA256,入库paper_id,正式PDF入口候选_未验证,疑似版本或重复需核对,备注,科学审核状态,调研日期
未下载,待寻找公开全文,IONDET-0041,Hua24,A Scintillator Detector for Spatiospectral Characterization of Proton Beams at High Repetition Rate,A Scintillator Detector for Spatiospectral Characterization of Proton Beams at High Repetition Rate,2024,2024,Marine Huault; Michael Ehret; Diego De Luis; José Antonio Pérez-Hernández; Jon Imanol Api?aniz; José Luis Henares; Sophia Malko; Micha?l Touati; Nuria Gordillo; Carolina Gutiérrez Neira; Josefine Metzkes; Marvin Reimold; Ulrich Schramm; Karl Zeil; Luis Roso; Giancarlo Gatti; Luca Volpe,IEEE Transactions on Instrumentation and Measurement,10.1109/tim.2024.3398120,https://doi.org/10.1109/tim.2024.3398120,,verified_cached,A_激光离子诊断直接相关候选,题名聚焦诊断且题名/摘要有激光离子线索；不代表已审核实验场景,,闪烁体/闪烁纤维/堆栈与断层,闪烁体/闪烁纤维/堆栈与断层; 标定/反演/饱和与EMP抗扰,闪烁体/闪烁纤维/堆栈与断层,闪烁体/闪烁纤维/堆栈与断层; 标定/反演/饱和与EMP抗扰,题名及可用摘要线索,scintillator,previous_224; previous_40_selection,,是_候选非gold,needs_public_fulltext,,,,,,专题标签仅为题名/摘要线索，不证明论文实际使用该器件；不同场景配置不得继承,本次未做全文科学审核,2026/10/4
未下载,待寻找公开全文,IONDET-0047,Ist23,Proton Bragg curve and energy reconstruction using an online scintillator stack detector,Proton Bragg curve and energy reconstruction using an online scintillator stack detector.,2023,2023,Valeriia Istokskaia; Benoit Lefebvre; Giada Petringa; Pablo Cirrone; Mariacristina Guarrera; Lorenzo Giuffrida; Roberto Versaci; Veronika Ol?ovcová; Daniele Margarone,Review of Scientific Instruments,10.1063/5.0146554,https://doi.org/10.1063/5.0146554,,verified_cached,A_激光离子诊断直接相关候选,题名聚焦诊断且题名/摘要有激光离子线索；不代表已审核实验场景,,闪烁体/闪烁纤维/堆栈与断层; RCF/放射变色膜,闪烁体/闪烁纤维/堆栈与断层; RCF/放射变色膜; 标定/反演/饱和与EMP抗扰,闪烁体/闪烁纤维/堆栈与断层; 标定/反演/饱和与EMP抗扰,闪烁体/闪烁纤维/堆栈与断层; RCF/放射变色膜; 标定/反演/饱和与EMP抗扰,题名及可用摘要线索,charge_laser; review_citations; scintillator,previous_224; previous_40_selection,,是_候选非gold,needs_public_fulltext,,,,https://pubs.aip.org/aip/rsi/article-pdf/doi/10.1063/5.0146554/18136333/073305_1_5.0146554.pdf; https://pubs.aip.org/aip/rsi/article-pdf/doi/10.1063/5.0146554/18136333/073305_1_5.0146554.pdf,,专题标签仅为题名/摘要线索，不证明论文实际使用该器件；不同场景配置不得继承,本次未做全文科学审核,2026/10/4
未下载,待寻找公开全文,IONDET-0017,Mah22,Absolute response of a proton detector composed of a microchannel plate assembly and a charge-coupled device to laser-accelerated multi-MeV protons,Absolute response of a proton detector composed of a microchannel plate assembly and a charge-coupled device to laser-accelerated multi-MeV protons.,2022,2022,M. Ahsan Mahmood; Gwang-Eun Ahn; Sang Hwa Lee; Seung Yeon Kim; Izhar Ahmad; Sajjad Tahir; Jeong Moon Yang; Jin Woo Yoon; Jae Hee Sung; Seong Ku Lee; Il Woo Choi; Chang Hee Nam,Review of Scientific Instruments,10.1063/5.0118775,https://doi.org/10.1063/5.0118775,,verified,A_激光离子诊断直接相关候选,题名聚焦诊断且题名/摘要有激光离子线索；不代表已审核实验场景,汤姆逊抛物线/电磁联合能谱仪,CR-39/PADC/PM-355及固体蚀刻径迹; 微通道板MCP及倍增读出,汤姆逊抛物线/电磁联合能谱仪; CR-39/PADC/PM-355及固体蚀刻径迹; 微通道板MCP及倍增读出; 标定/反演/饱和与EMP抗扰,微通道板MCP及倍增读出,汤姆逊抛物线/电磁联合能谱仪; CR-39/PADC/PM-355及固体蚀刻径迹; 微通道板MCP及倍增读出; 标定/反演/饱和与EMP抗扰,题名及可用摘要线索,mcp; review_citations,previous_224,https://api.crossref.org/works/10.1063%2F5.0118775,是_候选非gold,needs_public_fulltext,,,,https://pubs.aip.org/aip/rsi/article-pdf/doi/10.1063/5.0118775/16579703/113311_1_online.pdf,,专题标签仅为题名/摘要线索，不证明论文实际使用该器件；不同场景配置不得继承,本次未做全文科学审核,2026/10/4
未下载,待寻找公开全文,IONDET-0051,Kan20b,Correction method for the energy spectrum of laser-accelerated protons measured by CR-39 track detectors with stepwise energy filters,Correction method for the energy spectrum of laser-accelerated protons measured by CR-39 track detectors with stepwise energy filters,2020,2020,Masato Kanasaki; Keita Sakamoto; Takafumi Asai; Satoshi Jinno; Satoshi Kodaira; Tomoya Yamauchi; Keiji Oda; Yuji Fukuda,High Energy Density Physics,10.1016/j.hedp.2020.100852,https://doi.org/10.1016/j.hedp.2020.100852,,verified_cached,A_激光离子诊断直接相关候选,题名聚焦诊断且题名/摘要有激光离子线索；不代表已审核实验场景,,CR-39/PADC/PM-355及固体蚀刻径迹,CR-39/PADC/PM-355及固体蚀刻径迹,CR-39/PADC/PM-355及固体蚀刻径迹,CR-39/PADC/PM-355及固体蚀刻径迹,题名及可用摘要线索,,previous_224; previous_40_selection,,是_候选非gold,needs_public_fulltext,,,,,,专题标签仅为题名/摘要线索，不证明论文实际使用该器件；不同场景配置不得继承,本次未做全文科学审核,2026/10/4
未下载,待寻找公开全文,IONDET-0109,Asa19,Application of nuclear emulsions for the identification of multi-MeV protons in laser ion acceleration experiments,Application of nuclear emulsions for the identification of multi-MeV protons in laser ion acceleration experiments,2019,2019,Takafumi Asai; Masato Kanasaki; Satoshi Jinno; Nobuko Kitagawa; Nobumichi Shutoh; Satoshi Kodaira; Tomoya Yamauchi; Keiji Oda; Kunihiro Morishima; Yuji Fukuda,High Energy Density Physics,10.1016/j.hedp.2019.04.002,https://doi.org/10.1016/j.hedp.2019.04.002,,verified,A_激光离子诊断直接相关候选,出版社摘要明确为激光离子加速实验中多MeV质子的核乳胶鉴别；标定与激光场景须分别提取,,CR-39/PADC/PM-355及固体蚀刻径迹; 核乳胶/三维摄影径迹,CR-39/PADC/PM-355及固体蚀刻径迹; 核乳胶/三维摄影径迹,核乳胶/三维摄影径迹,CR-39/PADC/PM-355及固体蚀刻径迹; 核乳胶/三维摄影径迹,题名及可用摘要线索,emulsion_gas_luminescence,previous_224,https://api.crossref.org/works/10.1016%2Fj.hedp.2019.04.002,是_候选非gold,needs_public_fulltext,,,,,,专题标签仅为题名/摘要线索，不证明论文实际使用该器件；不同场景配置不得继承,本次未做全文科学审核,2026/10/4
未下载,待寻找公开全文,IONDET-0026,Xu19,Detection and analysis of laser driven proton beams by calibrated Gafchromic HD-V2 and MD-V3 radiochromic films,Detection and analysis of laser driven proton beams by calibrated Gafchromic HD-V2 and MD-V3 radiochromic films.,2019,2019,X. H. Xu; Q. Liao; M. J. Wu; Y. X. Geng; D. Y. Li; J. G. Zhu; C. C. Li; R. H. Hu; Y. R. Shou; Y. H. Chen; H. Y. Lu; W. J. Ma; Y. Y. Zhao; K. Zhu; C. Lin; X. Q. Yan,Review of Scientific Instruments,10.1063/1.5049499,https://doi.org/10.1063/1.5049499,,verified_cached,A_激光离子诊断直接相关候选,题名聚焦诊断且题名/摘要有激光离子线索；不代表已审核实验场景,,RCF/放射变色膜,RCF/放射变色膜; 标定/反演/饱和与EMP抗扰,RCF/放射变色膜; 标定/反演/饱和与EMP抗扰,RCF/放射变色膜; 标定/反演/饱和与EMP抗扰,题名及可用摘要线索,rcf,previous_224; previous_40_selection,,是_候选非gold,needs_public_fulltext,,,,https://pubs.aip.org/aip/rsi/article-pdf/doi/10.1063/1.5049499/15902833/033306_1_online.pdf,,专题标签仅为题名/摘要线索，不证明论文实际使用该器件；不同场景配置不得继承,本次未做全文科学审核,2026/10/4
未下载,本轮尚未尝试下载,IONDET-0324,Scu18,Diagnostics and Dosimetry Solutions for Multidisciplinary Applications at the ELIMAIA Beamline,Diagnostics and Dosimetry Solutions for Multidisciplinary Applications at the ELIMAIA Beamline,2018,2018,"V. Scuderi, ..., and F. Romano",Applied Sciences,10.3390/app8091415,https://doi.org/10.3390/app8091415,,metadata_request_failed,A_激光离子诊断直接相关候选,题名聚焦诊断且题名/摘要有激光离子线索；不代表已审核实验场景,汤姆逊抛物线/电磁联合能谱仪; 飞行时间TOF/时间分辨; 法拉第杯/ICT/电离室及电荷剂量监测,RCF/放射变色膜; CR-39/PADC/PM-355及固体蚀刻径迹; 成像板IP/PSL,汤姆逊抛物线/电磁联合能谱仪; 飞行时间TOF/时间分辨; RCF/放射变色膜; CR-39/PADC/PM-355及固体蚀刻径迹; 成像板IP/PSL; 法拉第杯/ICT/电离室及电荷剂量监测; 标定/反演/饱和与EMP抗扰,,汤姆逊抛物线/电磁联合能谱仪; 飞行时间TOF/时间分辨; RCF/放射变色膜; CR-39/PADC/PM-355及固体蚀刻径迹; 成像板IP/PSL; 法拉第杯/ICT/电离室及电荷剂量监测; 标定/反演/饱和与EMP抗扰,题名及可用摘要线索,charge_laser; emulsion_gas_luminescence,targeted_search_20261004,https://api.crossref.org/works/10.3390%2Fapp8091415,是_候选非gold,not_download_attempted_in_this_survey,,,,,,专题标签仅为题名/摘要线索，不证明论文实际使用该器件；不同场景配置不得继承；DOI发现值保留；登记机构核验失败，未宣称已验证,本次未做全文科学审核,2026/10/4
未下载,待寻找公开全文,IONDET-0027,Wur18,"Time-of-flight spectrometry of ultra-short, polyenergetic proton bunches","Time-of-flight spectrometry of ultra-short, polyenergetic proton bunches.",2018,2018,Matthias Würl; Franz S. Englbrecht; Sebastian Lehrack; Chiara Gianoli; Florian H. Lindner; Thomas F. R?sch; Daniel Haffa; Francesco Olivari; Marco Petasecca; Michael L. F. Lerch; Alexandre Pogossov; Linh T. Tran; Walter Assmann; J?rg Schreiber; Anatoly B. Rosenfeld; Katia Parodi,Review of Scientific Instruments,10.1063/1.5052059,https://doi.org/10.1063/1.5052059,,verified_cached,A_激光离子诊断直接相关候选,题名聚焦诊断且题名/摘要有激光离子线索；不代表已审核实验场景,磁谱仪/宽角与成像能谱仪; 飞行时间TOF/时间分辨,半导体/金刚石/SiC/Si及像素探测,磁谱仪/宽角与成像能谱仪; 飞行时间TOF/时间分辨; 半导体/金刚石/SiC/Si及像素探测; 标定/反演/饱和与EMP抗扰,飞行时间TOF/时间分辨,磁谱仪/宽角与成像能谱仪; 飞行时间TOF/时间分辨; 半导体/金刚石/SiC/Si及像素探测; 标定/反演/饱和与EMP抗扰,题名及可用摘要线索,,previous_224; previous_40_selection,,是_候选非gold,needs_public_fulltext,,,,https://pubs.aip.org/aip/rsi/article-pdf/doi/10.1063/1.5052059/15604619/123302_1_online.pdf,,专题标签仅为题名/摘要线索，不证明论文实际使用该器件；不同场景配置不得继承；CCD/CMOS光学读出与直接半导体离子探测角色须全文区分,本次未做全文科学审核,2026/10/4
未下载,待寻找公开全文,IONDET-0022,Dov17,Scintillator-based transverse proton beam profiler for laser-plasma ion sources,Scintillator-based transverse proton beam profiler for laser-plasma ion sources.,2017,2017,N. P. Dover; M. Nishiuchi; H. Sakaki; M. A. Alkhimova; A. Ya. Faenov; Y. Fukuda; H. Kiriyama; A. Kon; K. Kondo; K. Nishitani; K. Ogura; T. A. Pikuz; A. S. Pirozhkov; A. Sagisaka; M. Kando; K. Kondo,Review of Scientific Instruments,10.1063/1.4994732,https://doi.org/10.1063/1.4994732,,verified_cached,A_激光离子诊断直接相关候选,题名聚焦诊断且题名/摘要有激光离子线索；不代表已审核实验场景,,闪烁体/闪烁纤维/堆栈与断层,闪烁体/闪烁纤维/堆栈与断层,闪烁体/闪烁纤维/堆栈与断层,闪烁体/闪烁纤维/堆栈与断层,题名及可用摘要线索,scintillator,previous_224; previous_40_selection,,是_候选非gold,needs_public_fulltext,,,,https://pubs.aip.org/aip/rsi/article-pdf/doi/10.1063/1.4994732/14787013/073304_1_online.pdf,,专题标签仅为题名/摘要线索，不证明论文实际使用该器件；不同场景配置不得继承,本次未做全文科学审核,2026/10/4
未下载,本轮尚未尝试下载,IONDET-0326,Ols16,RESPONSE OF DOSEMETERS IN FIELDS GENERATED BY LASER-ACCELERATED PROTONS,RESPONSE OF DOSEMETERS IN FIELDS GENERATED BY LASER-ACCELERATED PROTONS.,2016,2016,V. Ol?ovcová; R. Versaci; I. Ambro?ová; Z. Zelenka; J. Kaufman; D. Margarone; I. J. Kim; T. M. Jeong,Radiation Protection Dosimetry,10.1093/rpd/ncw037,https://doi.org/10.1093/rpd/ncw037,,verified_crossref,A_激光离子诊断直接相关候选,补查：激光加速质子场剂量计响应,,,,,,题名及可用摘要线索,calorimeter_laser; emulsion_gas_luminescence; luminescence_laser,targeted_search_20261004,https://api.crossref.org/works/10.1093%2Frpd%2Fncw037,是_候选非gold,not_download_attempted_in_this_survey,,,,,,专题标签仅为题名/摘要线索，不证明论文实际使用该器件；不同场景配置不得继承,本次未做全文科学审核,2026/10/4
未下载,待寻找公开全文,IONDET-0042,Bac15,"CR-39 track detector calibration for H, He, and C ions from 0.1-0.5 MeV up to 5 MeV for laser-induced nuclear fusion product identification","CR-39 track detector calibration for H, He, and C ions from 0.1-0.5 MeV up to 5 MeV for laser-induced nuclear fusion product identification.",2015,2015,C. Baccou; V. Yahia; S. Depierreux; C. Neuville; C. Goyon; F. Consoli; R. De Angelis; J. E. Ducret; G. Boutoux; J. Rafelski; C. Labaune,Review of Scientific Instruments,10.1063/1.4927684,https://doi.org/10.1063/1.4927684,,verified_cached,A_激光离子诊断直接相关候选,题名聚焦诊断且题名/摘要有激光离子线索；不代表已审核实验场景,,CR-39/PADC/PM-355及固体蚀刻径迹,CR-39/PADC/PM-355及固体蚀刻径迹; 标定/反演/饱和与EMP抗扰,CR-39/PADC/PM-355及固体蚀刻径迹; 标定/反演/饱和与EMP抗扰,CR-39/PADC/PM-355及固体蚀刻径迹; 标定/反演/饱和与EMP抗扰,题名及可用摘要线索,tracks,previous_224; previous_40_selection,,是_候选非gold,needs_public_fulltext,,,,https://pubs.aip.org/aip/rsi/article-pdf/doi/10.1063/1.4927684/14052526/083307_1_online.pdf,,专题标签仅为题名/摘要线索，不证明论文实际使用该器件；不同场景配置不得继承,本次未做全文科学审核,2026/10/4
未下载,本轮尚未尝试下载,IONDET-0239,Kau15,Radiochromic film diagnostics for laser-driven ion beams,Radiochromic film diagnostics for laser-driven ion beams,2015,2015,J. Kaufman; D. Margarone; G. Candiano; I.J. Kim; T. M. Jeong; J. P?ikal; F. Romano; P. Cirrone; V. Scuderi; G. Korn,SPIE Proceedings; Research Using Extreme Light: Entering New Frontiers with Petawatt-Class Lasers II,10.1117/12.2179354,https://doi.org/10.1117/12.2179354,,verified_crossref,A_激光离子诊断直接相关候选,题名聚焦诊断且题名/摘要有激光离子线索；不代表已审核实验场景,,RCF/放射变色膜,RCF/放射变色膜,RCF/放射变色膜,,仅题名/明确人工核对说明,activation_calorimetry; emulsion_gas_luminescence; rcf; review_references,targeted_search_20261004,https://api.crossref.org/works/10.1117%2F12.2179354,是_候选非gold,not_download_attempted_in_this_survey,,,,,,专题标签仅为题名/摘要线索，不证明论文实际使用该器件；不同场景配置不得继承,本次未做全文科学审核,2026/10/4
未下载,待寻找公开全文,IONDET-0002,Sch14,Improved spectral data unfolding for radiochromic film imaging spectroscopy of laser-accelerated proton beams,Improved spectral data unfolding for radiochromic film imaging spectroscopy of laser-accelerated proton beams.,2014,2014,M. Schollmeier; M. Geissel; A. B. Sefkow; K. A. Flippo,Review of Scientific Instruments,10.1063/1.4870895,https://doi.org/10.1063/1.4870895,,verified_cached,A_激光离子诊断直接相关候选,题名聚焦诊断且题名/摘要有激光离子线索；不代表已审核实验场景,,RCF/放射变色膜,RCF/放射变色膜; 标定/反演/饱和与EMP抗扰,RCF/放射变色膜; 标定/反演/饱和与EMP抗扰,RCF/放射变色膜; 标定/反演/饱和与EMP抗扰,题名及可用摘要线索,rcf,previous_224; previous_40_selection,,是_候选非gold,needs_public_fulltext,,,,https://pubs.aip.org/aip/rsi/article-pdf/doi/10.1063/1.4870895/15818845/043305_1_online.pdf,,专题标签仅为题名/摘要线索，不证明论文实际使用该器件；不同场景配置不得继承,本次未做全文科学审核,2026/10/4
未下载,待寻找公开全文,IONDET-0049,Rei13,A pixel detector system for laser-accelerated ion detection,A pixel detector system for laser-accelerated ion detection,2013,2013,S Reinhardt; W Draxinger; J Schreiber; W Assmann,Journal of Instrumentation,10.1088/1748-0221/8/03/p03008,https://doi.org/10.1088/1748-0221/8/03/p03008,,verified,A_激光离子诊断直接相关候选,题名聚焦诊断且题名/摘要有激光离子线索；不代表已审核实验场景,,RCF/放射变色膜; CR-39/PADC/PM-355及固体蚀刻径迹; 成像板IP/PSL; 半导体/金刚石/SiC/Si及像素探测,RCF/放射变色膜; CR-39/PADC/PM-355及固体蚀刻径迹; 成像板IP/PSL; 半导体/金刚石/SiC/Si及像素探测; 标定/反演/饱和与EMP抗扰,半导体/金刚石/SiC/Si及像素探测,RCF/放射变色膜; CR-39/PADC/PM-355及固体蚀刻径迹; 成像板IP/PSL; 半导体/金刚石/SiC/Si及像素探测; 标定/反演/饱和与EMP抗扰,题名及可用摘要线索,emulsion_gas_luminescence; gas_laser; review_references; semiconductor,previous_224,https://api.crossref.org/works/10.1088%2F1748-0221%2F8%2F03%2Fp03008,是_候选非gold,needs_public_fulltext,,,,http://stacks.iop.org/1748-0221/8/i=03/a=P03008/pdf; http://stacks.iop.org/1748-0221/8/i=03/a=P03008/pdf,,专题标签仅为题名/摘要线索，不证明论文实际使用该器件；不同场景配置不得继承；CCD/CMOS光学读出与直接半导体离子探测角色须全文区分,本次未做全文科学审核,2026/10/4
未下载,待寻找公开全文,IONDET-0053,Gun13,NAIS: Nuclear activation-based imaging spectroscopy,NAIS: nuclear activation-based imaging spectroscopy.,2013,2013,M. M. Günther; A. Britz; R. J. Clarke; K. Harres; G. Hoffmeister; F. Nürnberg; A. Otten; A. Pelka; M. Roth; K. Vogt,Review of Scientific Instruments,10.1063/1.4815826,https://doi.org/10.1063/1.4815826,,verified,A_激光离子诊断直接相关候选,题名聚焦诊断且题名/摘要有激光离子线索；不代表已审核实验场景,核活化/核反应间接离子诊断,闪烁体/闪烁纤维/堆栈与断层; 成像板IP/PSL; 半导体/金刚石/SiC/Si及像素探测,闪烁体/闪烁纤维/堆栈与断层; 成像板IP/PSL; 半导体/金刚石/SiC/Si及像素探测; 核活化/核反应间接离子诊断; 标定/反演/饱和与EMP抗扰,核活化/核反应间接离子诊断,闪烁体/闪烁纤维/堆栈与断层; 成像板IP/PSL; 半导体/金刚石/SiC/Si及像素探测; 核活化/核反应间接离子诊断; 标定/反演/饱和与EMP抗扰,题名及可用摘要线索,activation_calorimetry,previous_224,https://api.crossref.org/works/10.1063%2F1.4815826,是_候选非gold,needs_public_fulltext,,,,https://pubs.aip.org/aip/rsi/article-pdf/doi/10.1063/1.4815826/13516768/073305_1_online.pdf,,专题标签仅为题名/摘要线索，不证明论文实际使用该器件；不同场景配置不得继承；CCD/CMOS光学读出与直接半导体离子探测角色须全文区分,本次未做全文科学审核,2026/10/4
未下载,待寻找公开全文,IONDET-0009,Met12,A scintillator-based online detector for the angularly resolved measurement of laser-accelerated proton spectra,A scintillator-based online detector for the angularly resolved measurement of laser-accelerated proton spectra.,2012,2012,J. Metzkes; L. Karsch; S. D. Kraft; J. Pawelke; C. Richter; M. Schürer; M. Sobiella; N. Stiller; K. Zeil; U. Schramm,Review of Scientific Instruments,10.1063/1.4768672,https://doi.org/10.1063/1.4768672,,verified_cached,A_激光离子诊断直接相关候选,题名聚焦诊断且题名/摘要有激光离子线索；不代表已审核实验场景,汤姆逊抛物线/电磁联合能谱仪,闪烁体/闪烁纤维/堆栈与断层; RCF/放射变色膜; CR-39/PADC/PM-355及固体蚀刻径迹,汤姆逊抛物线/电磁联合能谱仪; 闪烁体/闪烁纤维/堆栈与断层; RCF/放射变色膜; CR-39/PADC/PM-355及固体蚀刻径迹,闪烁体/闪烁纤维/堆栈与断层,汤姆逊抛物线/电磁联合能谱仪; 闪烁体/闪烁纤维/堆栈与断层; RCF/放射变色膜; CR-39/PADC/PM-355及固体蚀刻径迹,题名及可用摘要线索,review_references; scintillator,previous_224; previous_40_selection,,是_候选非gold,needs_public_fulltext,,,,https://pubs.aip.org/aip/rsi/article-pdf/doi/10.1063/1.4768672/15764082/123301_1_online.pdf,,专题标签仅为题名/摘要线索，不证明论文实际使用该器件；不同场景配置不得继承,本次未做全文科学审核,2026/10/4
未下载,待寻找公开全文,IONDET-0013,Jun11b,A novel high resolution ion wide angle spectrometer,A novel high resolution ion wide angle spectrometer.,2011,2011,D. Jung; R. H?rlein; D. C. Gautier; S. Letzring; D. Kiefer; K. Allinger; B. J. Albright; R. Shah; S. Palaniyappan; L. Yin; J. C. Fernández; D. Habs; B. M. Hegelich,Review of Scientific Instruments,10.1063/1.3575581,https://doi.org/10.1063/1.3575581,,verified_cached,A_激光离子诊断直接相关候选,题名聚焦诊断且题名/摘要有激光离子线索；不代表已审核实验场景,磁谱仪/宽角与成像能谱仪,,磁谱仪/宽角与成像能谱仪,磁谱仪/宽角与成像能谱仪,磁谱仪/宽角与成像能谱仪,题名及可用摘要线索,magnetic,previous_224; previous_40_selection,,是_候选非gold,needs_public_fulltext,,,,https://pubs.aip.org/aip/rsi/article-pdf/doi/10.1063/1.3575581/13460703/043301_1_online.pdf,,专题标签仅为题名/摘要线索，不证明论文实际使用该器件；不同场景配置不得继承,本次未做全文科学审核,2026/10/4
未下载,待寻找公开全文,IONDET-0046,Mor11,Design of and data reduction from compact Thomson parabola spectrometers,Design of and data reduction from compact Thomson parabola spectrometers.,2011,2011,J. T. Morrison; C. Willis; R. R. Freeman; L. Van Woerkom,Review of Scientific Instruments,10.1063/1.3556444,https://doi.org/10.1063/1.3556444,,verified_cached,A_激光离子诊断直接相关候选,题名聚焦诊断且题名/摘要有激光离子线索；不代表已审核实验场景,汤姆逊抛物线/电磁联合能谱仪,,汤姆逊抛物线/电磁联合能谱仪,汤姆逊抛物线/电磁联合能谱仪,汤姆逊抛物线/电磁联合能谱仪,题名及可用摘要线索,emp_reconstruction; magnetic; thomson,previous_224; previous_40_selection,,是_候选非gold,needs_public_fulltext,,,,https://pubs.aip.org/aip/rsi/article-pdf/doi/10.1063/1.3556444/15824822/033506_1_online.pdf,,专题标签仅为题名/摘要线索，不证明论文实际使用该器件；不同场景配置不得继承,本次未做全文科学审核,2026/10/4
未下载,待寻找公开全文,IONDET-0029,11-Mar,"Full characterization of laser-accelerated ion beams using Faraday cup, silicon carbide, and single-crystal diamond detectors","Full characterization of laser-accelerated ion beams using Faraday cup, silicon carbide, and single-crystal diamond detectors",2011,2011,D. Margarone; J. Krása; L. Giuffrida; A. Picciotto; L. Torrisi; T. Nowak; P. Musumeci; A. Velyhan; J. Prok?pek; L. Láska; T. Mocek; J. Ullschmied; B. Rus,Journal of Applied Physics,10.1063/1.3585871,https://doi.org/10.1063/1.3585871,,verified_cached,A_激光离子诊断直接相关候选,题名聚焦诊断且题名/摘要有激光离子线索；不代表已审核实验场景,静电能量分析器/阻滞场与离子探针; 飞行时间TOF/时间分辨; 法拉第杯/ICT/电离室及电荷剂量监测,半导体/金刚石/SiC/Si及像素探测,静电能量分析器/阻滞场与离子探针; 飞行时间TOF/时间分辨; 半导体/金刚石/SiC/Si及像素探测; 法拉第杯/ICT/电离室及电荷剂量监测,半导体/金刚石/SiC/Si及像素探测; 法拉第杯/ICT/电离室及电荷剂量监测,静电能量分析器/阻滞场与离子探针; 飞行时间TOF/时间分辨; 半导体/金刚石/SiC/Si及像素探测; 法拉第杯/ICT/电离室及电荷剂量监测,题名及可用摘要线索,gas_laser; review_references; semiconductor; tof,previous_224; previous_40_selection,,是_候选非gold,needs_public_fulltext,,,,https://pubs.aip.org/aip/jap/article-pdf/doi/10.1063/1.3585871/15074223/103302_1_online.pdf,,专题标签仅为题名/摘要线索，不证明论文实际使用该器件；不同场景配置不得继承；CCD/CMOS光学读出与直接半导体离子探测角色须全文区分,本次未做全文科学审核,2026/10/4
未下载,待寻找公开全文,IONDET-0006,Kir11,Radiochromic film spectroscopy of laser-accelerated proton beams using the FLUKA code and dosimetry traceable to primary standards,Radiochromic film spectroscopy of laser-accelerated proton beams using the FLUKA code and dosimetry traceable to primary standards,2011,2011,D. Kirby; S. Green; F. Fiorini; D. Parker; L. Romagnani; D. Doria; S. Kar; C. Lewis; M. Borghesi; H. Palmans,Laser and Particle Beams,10.1017/s0263034611000206,https://doi.org/10.1017/s0263034611000206,,verified_cached,A_激光离子诊断直接相关候选,题名聚焦诊断且题名/摘要有激光离子线索；不代表已审核实验场景,,RCF/放射变色膜,RCF/放射变色膜; 标定/反演/饱和与EMP抗扰,RCF/放射变色膜,RCF/放射变色膜; 标定/反演/饱和与EMP抗扰,题名及可用摘要线索,luminescence_laser; rcf; review_references,previous_224; previous_40_selection,,是_候选非gold,needs_public_fulltext,,,,,,专题标签仅为题名/摘要线索，不证明论文实际使用该器件；不同场景配置不得继承,本次未做全文科学审核,2026/10/4
未下载,待寻找公开全文,IONDET-0018,Man08,Absolute calibration of photostimulable image plate detectors used as (0.5–20MeV) high-energy proton detectors,Absolute calibration of photostimulable image plate detectors used as (0.5-20 MeV) high-energy proton detectors.,2008,2008,A. Man?i?; J. Fuchs; P. Antici; S. A. Gaillard; P. Audebert,Review of Scientific Instruments,10.1063/1.2949388,https://doi.org/10.1063/1.2949388,,verified_cached,A_激光离子诊断直接相关候选,题名聚焦诊断且题名/摘要有激光离子线索；不代表已审核实验场景,,RCF/放射变色膜; CR-39/PADC/PM-355及固体蚀刻径迹; 成像板IP/PSL,RCF/放射变色膜; CR-39/PADC/PM-355及固体蚀刻径迹; 成像板IP/PSL; 标定/反演/饱和与EMP抗扰,成像板IP/PSL; 标定/反演/饱和与EMP抗扰,RCF/放射变色膜; CR-39/PADC/PM-355及固体蚀刻径迹; 成像板IP/PSL; 标定/反演/饱和与EMP抗扰,题名及可用摘要线索,imageplate; review_references,previous_224; previous_40_selection,,是_候选非gold,needs_public_fulltext,,,,https://pubs.aip.org/aip/rsi/article-pdf/doi/10.1063/1.2949388/15981715/073301_1_online.pdf,,专题标签仅为题名/摘要线索，不证明论文实际使用该器件；不同场景配置不得继承,本次未做全文科学审核,2026/10/4
未下载,待寻找公开全文,IONDET-0003,Har08,Development and calibration of a Thomson parabola with microchannel plate for the detection of laser-accelerated MeV ions,Development and calibration of a Thomson parabola with microchannel plate for the detection of laser-accelerated MeV ions.,2008,2008,K. Harres; M. Schollmeier; E. Brambrink; P. Audebert; A. Bla?evi?; K. Flippo; D. C. Gautier; M. Gei?el; B. M. Hegelich; F. Nürnberg; J. Schreiber; H. Wahl; M. Roth,Review of Scientific Instruments,10.1063/1.2987687,https://doi.org/10.1063/1.2987687,,verified_cached,A_激光离子诊断直接相关候选,题名聚焦诊断且题名/摘要有激光离子线索；不代表已审核实验场景,汤姆逊抛物线/电磁联合能谱仪,微通道板MCP及倍增读出,汤姆逊抛物线/电磁联合能谱仪; 微通道板MCP及倍增读出; 标定/反演/饱和与EMP抗扰,汤姆逊抛物线/电磁联合能谱仪; 微通道板MCP及倍增读出; 标定/反演/饱和与EMP抗扰,汤姆逊抛物线/电磁联合能谱仪; 微通道板MCP及倍增读出; 标定/反演/饱和与EMP抗扰,题名及可用摘要线索,mcp; review_references; thomson,previous_224; previous_40_selection,,是_候选非gold,needs_public_fulltext,,,,https://pubs.aip.org/aip/rsi/article-pdf/doi/10.1063/1.2987687/14868531/093306_1_online.pdf,,专题标签仅为题名/摘要线索，不证明论文实际使用该器件；不同场景配置不得继承,本次未做全文科学审核,2026/10/4
未下载,本轮尚未尝试下载,IONDET-0321,Das08,Diagnostics for laser plasma acceleration of ions,Diagnostics for laser plasma acceleration of ions,2008,2008,"R. Daskalova, ..., and A. Maksimchuk",Bulletin of the American Physical Society,,,https://www.semanticscholar.org/paper/e6990f678a9963fb88446242e1e6bb57b5e16336,no_publication_doi_pending_identity,A_激光离子诊断直接相关候选,题名聚焦诊断且题名/摘要有激光离子线索；不代表已审核实验场景,,,,,,仅题名/明确人工核对说明,activation_calorimetry; emp_reconstruction; emulsion_gas_luminescence,targeted_search_20261004,,是_候选非gold,not_download_attempted_in_this_survey,,,,,,专题标签仅为题名/摘要线索，不证明论文实际使用该器件；不同场景配置不得继承；未确认出版DOI；预印本/报告/会议与正式版关系待核对,本次未做全文科学审核,2026/10/4
未下载,本轮尚未尝试下载,IONDET-0275,Nef08,Faraday Cup Measurements of the Energy Spectrum of Laser-Accelerated Protons,Faraday cup measurements of the energy spectrum of laser-accelerated protons,2008,2008,S. Neff; S. Wright; J. Ford; R. Royle; R. Presura,IEEE Transactions on Plasma Science,10.1109/tps.2008.2002204,https://doi.org/10.1109/tps.2008.2002204,,verified_crossref,A_激光离子诊断直接相关候选,题名聚焦诊断且题名/摘要有激光离子线索；不代表已审核实验场景,法拉第杯/ICT/电离室及电荷剂量监测,,法拉第杯/ICT/电离室及电荷剂量监测,法拉第杯/ICT/电离室及电荷剂量监测,,仅题名/明确人工核对说明,charge_dose,targeted_search_20261004,https://api.crossref.org/works/10.1109%2Ftps.2008.2002204,是_候选非gold,not_download_attempted_in_this_survey,,,,,Nef07,专题标签仅为题名/摘要线索，不证明论文实际使用该器件；不同场景配置不得继承；题名相近仅产生疑似关系；未自动合并不同DOI或存档,本次未做全文科学审核,2026/10/4
未下载,待寻找公开全文,IONDET-0030,Gai07,Study of saturation of CR39 nuclear track detectors at high ion fluence and of associated artifact patterns,Study of saturation of CR39 nuclear track detectors at high ion fluence and of associated artifact patterns.,2007,2007,S. Gaillard; J. Fuchs; N. Renard-Le Galloudec; T. E. Cowan,Review of Scientific Instruments,10.1063/1.2400020,https://doi.org/10.1063/1.2400020,,verified_cached,A_激光离子诊断直接相关候选,题名聚焦诊断且题名/摘要有激光离子线索；不代表已审核实验场景,,CR-39/PADC/PM-355及固体蚀刻径迹,CR-39/PADC/PM-355及固体蚀刻径迹; 标定/反演/饱和与EMP抗扰,CR-39/PADC/PM-355及固体蚀刻径迹; 标定/反演/饱和与EMP抗扰,CR-39/PADC/PM-355及固体蚀刻径迹; 标定/反演/饱和与EMP抗扰,题名及可用摘要线索,review_references,previous_224; previous_40_selection,,是_候选非gold,needs_public_fulltext,,,,https://pubs.aip.org/aip/rsi/article-pdf/doi/10.1063/1.2400020/13578956/013304_1_online.pdf,,专题标签仅为题名/摘要线索，不证明论文实际使用该器件；不同场景配置不得继承,本次未做全文科学审核,2026/10/4
未下载,待寻找公开全文,IONDET-0145,Zhe26,Characterization and calibration of CR39 detectors for identification of laser-driven α particles: Etch track formation and phenomenological modeling,Characterization and calibration of CR39 detectors for identification of laser-driven α particles: Etch track formation and phenomenological modeling,2026,2026,Bo-Wei Zheng; Wen-Qing Wei; Ming-Zhe Yang; Shi-Zheng Zhang; Jie-Ru Ren; Meng-Lin Qiu; Wei Qi; Yong-Tao Zhao,"Nuclear Instruments and Methods in Physics Research Section A: Accelerators, Spectrometers, Detectors and Associated Equipment",10.1016/j.nima.2026.171418,https://doi.org/10.1016/j.nima.2026.171418,,verified,A_激光离子诊断直接相关候选,题名聚焦诊断且题名/摘要有激光离子线索；不代表已审核实验场景,,CR-39/PADC/PM-355及固体蚀刻径迹,CR-39/PADC/PM-355及固体蚀刻径迹; 标定/反演/饱和与EMP抗扰,CR-39/PADC/PM-355及固体蚀刻径迹; 标定/反演/饱和与EMP抗扰,,仅题名/明确人工核对说明,,previous_224,https://api.crossref.org/works/10.1016%2Fj.nima.2026.171418,否,needs_public_fulltext,,,,,,专题标签仅为题名/摘要线索，不证明论文实际使用该器件；不同场景配置不得继承,本次未做全文科学审核,2026/10/4
未下载,待寻找公开全文,IONDET-0082,Kus26,Influence of secondary fragments on energy spectrum measurements using a CR-39 stack detector in laser-driven heavy ion acceleration,Influence of secondary fragments on energy spectrum measurements using a CR-39 stack detector in laser-driven heavy ion acceleration.,2026,2026,Hayato Kusano; Fuka Nikaido; Naoya Tamaki; Rikimaru Kitamura; Takumi Minami; Yuki Abe; Yuji Fukuda; Masato Kanasaki; Satoshi Kodaira; Yasuhiro Kuramitsu,Review of Scientific Instruments,10.1063/5.0324249,https://doi.org/10.1063/5.0324249,,verified,A_激光离子诊断直接相关候选,题名聚焦诊断且题名/摘要有激光离子线索；不代表已审核实验场景,,CR-39/PADC/PM-355及固体蚀刻径迹,CR-39/PADC/PM-355及固体蚀刻径迹,CR-39/PADC/PM-355及固体蚀刻径迹,CR-39/PADC/PM-355及固体蚀刻径迹,题名及可用摘要线索,,previous_224,https://api.crossref.org/works/10.1063%2F5.0324249,否,needs_public_fulltext,,,,https://pubs.aip.org/aip/rsi/article-pdf/doi/10.1063/5.0324249/21072086/073306_1_5.0324249.pdf,,专题标签仅为题名/摘要线索，不证明论文实际使用该器件；不同场景配置不得继承,本次未做全文科学审核,2026/10/4
未下载,本轮尚未尝试下载,IONDET-0362,Xie26,Mitigating Space Charge in Ionization Chambers for Laser-Accelerated Proton Beams,Mitigating Space Charge in Ionization Chambers for Laser-Accelerated Proton Beams,2026,2026,Xicheng Xie; Yuanyuan Zhang; Kun Zhu; Xueqing Yan,Photonics,10.3390/photonics13030214,https://doi.org/10.3390/photonics13030214,,verified_crossref,A_激光离子诊断直接相关候选,摘要为电离室设计/共模拟，不应当成已完成激光束流实测,法拉第杯/ICT/电离室及电荷剂量监测,气体/GEM与微图案气体读出（需核对粒子种类）,法拉第杯/ICT/电离室及电荷剂量监测; 气体/GEM与微图案气体读出（需核对粒子种类）; 标定/反演/饱和与EMP抗扰,法拉第杯/ICT/电离室及电荷剂量监测,法拉第杯/ICT/电离室及电荷剂量监测; 气体/GEM与微图案气体读出（需核对粒子种类）; 标定/反演/饱和与EMP抗扰,题名及可用摘要线索,gas_laser,targeted_search_20261004,https://api.crossref.org/works/10.3390%2Fphotonics13030214,否,not_download_attempted_in_this_survey,,,,,,专题标签仅为题名/摘要线索，不证明论文实际使用该器件；不同场景配置不得继承,本次未做全文科学审核,2026/10/4
未下载,待寻找公开全文,IONDET-0064,Ras26,Multi-filter diamond array time-of-flight particle detector in laser–plasma experiments,Multi-filter diamond array time-of-flight particle detector in laser-plasma experiments.,2026,2026,Angelo M. Raso; Edoardo Domenicone; Giada Petringa; Fabrizio Consoli; Farmesk Abubaker; Massimiliano Scisciò; G. A. Pablo Cirrone; Shubham Agarwal; Massimo Alonzo; Carmen Altana; Sahar Arjmand; Caterina Ciampi; Mattia Cipriani; Pooja Devi; Francesco Filippi; Pavel Gajdos; Benoist Grau; Giovanni Luca Guardo; Josef Krasa; Michal Krupka; Salvatore Mirabella; Giovanni Morello; Massimo Nocente; Fabrizio Odorici; Gabriele Pasquali; Antonino Picciotto; Rosaria Rinaldi; Marcin Rosinski; Antonino Scandurra; Sushil Singh; Przemyslaw Tchorz; Gianluca Verona Rinati; Claudio Verona,Review of Scientific Instruments,10.1063/5.0302424,https://doi.org/10.1063/5.0302424,,verified,A_激光离子诊断直接相关候选,题名聚焦诊断且题名/摘要有激光离子线索；不代表已审核实验场景,汤姆逊抛物线/电磁联合能谱仪; 飞行时间TOF/时间分辨,CR-39/PADC/PM-355及固体蚀刻径迹; 半导体/金刚石/SiC/Si及像素探测,汤姆逊抛物线/电磁联合能谱仪; 飞行时间TOF/时间分辨; CR-39/PADC/PM-355及固体蚀刻径迹; 半导体/金刚石/SiC/Si及像素探测,飞行时间TOF/时间分辨,汤姆逊抛物线/电磁联合能谱仪; 飞行时间TOF/时间分辨; CR-39/PADC/PM-355及固体蚀刻径迹; 半导体/金刚石/SiC/Si及像素探测,题名及可用摘要线索,tof,previous_224,https://api.crossref.org/works/10.1063%2F5.0302424,否,needs_public_fulltext,,,,https://pubs.aip.org/aip/rsi/article-pdf/doi/10.1063/5.0302424/20886902/023301_1_5.0302424.pdf,,专题标签仅为题名/摘要线索，不证明论文实际使用该器件；不同场景配置不得继承；CCD/CMOS光学读出与直接半导体离子探测角色须全文区分,本次未做全文科学审核,2026/10/4
未下载,本轮尚未尝试下载,IONDET-0302,Fan26,Solid-state acoustic detection of laser-accelerated proton beams for transient flow intensity monitoring,Solid-state acoustic detection of laser-accelerated proton beams for transient flow intensity monitoring,2026,2026,Yanlyu Fang; Qiangyou He; Chentong Li; Mingfeng Huang; Laifu Man; Zimin Chen; Wei Yan; Yiting Yan; Xuanyu Lu; Xueqing Yan; Chen Lin,Applied Physics Letters,10.1063/5.0311670,https://doi.org/10.1063/5.0311670,,verified_crossref,A_激光离子诊断直接相关候选,补查：固态声学激光质子探测；正式发表身份仍以核验状态为准,离子声学/超声及Bragg峰声学监测,,离子声学/超声及Bragg峰声学监测; 标定/反演/饱和与EMP抗扰,离子声学/超声及Bragg峰声学监测,离子声学/超声及Bragg峰声学监测; 标定/反演/饱和与EMP抗扰,题名及可用摘要线索,acoustic,targeted_search_20261004,https://api.crossref.org/works/10.1063%2F5.0311670,否,not_download_attempted_in_this_survey,,,,https://pubs.aip.org/aip/apl/article-pdf/doi/10.1063/5.0311670/21108510/074101_1_5.0311670.pdf,,专题标签仅为题名/摘要线索，不证明论文实际使用该器件；不同场景配置不得继承,本次未做全文科学审核,2026/10/4
未下载,待寻找公开全文,IONDET-0223,Zha25,Acoustic signal‐based precise positioning of Bragg peak for laser‐accelerated monoenergetic proton pulses,Acoustic signal‐based precise positioning of Bragg peak for laser‐accelerated monoenergetic proton pulses,2025,2025,Zihao Zhang; Zhusong Mei; Qihang Han; Shuang Li; Ke Chen; Guangjie Zhang; Tao Han; Zhengxuan Cao; Mingjian Wu; Jungao Zhu; Dongyu Li; Hongxin Zhao; Yibao Zhang; Chen Lin; Kun Zhu; Xueqing Yan; Xiaoping Ouyang; Changhui Li; Wenjun Ma,Medical Physics,10.1002/mp.17926,https://doi.org/10.1002/mp.17926,,verified,A_激光离子诊断直接相关候选,题名聚焦诊断且题名/摘要有激光离子线索；不代表已审核实验场景,离子声学/超声及Bragg峰声学监测,,离子声学/超声及Bragg峰声学监测,离子声学/超声及Bragg峰声学监测,离子声学/超声及Bragg峰声学监测,题名及可用摘要线索,acoustic,previous_224,https://api.crossref.org/works/10.1002%2Fmp.17926,否,needs_public_fulltext,,,,,,专题标签仅为题名/摘要线索，不证明论文实际使用该器件；不同场景配置不得继承,本次未做全文科学审核,2026/10/4
未下载,本轮尚未尝试下载,IONDET-0235,Lef25,Advanced scintillator stack detectors for real-time analysis of energetic x-rays and proton bunches from laser-driven plasmas,Advanced scintillator stack detectors for real-time analysis of energetic x-rays and proton bunches from laser-driven plasmas,2025,2025,Benoit Lefebvre; Valeria Istokskaia; Helena Lefebvre; Francesco Schillaci; Filip Grepl; Maksym Tryus; Andriy Velyhan; Roberto Versaci; Pablo G. Cirrone; Giada Petringa; Veronika Ol?ovcová; Lorenzo Giuffrida,Research Using Extreme Light Infrastructures: New Frontiers with Petawatt-Level Lasers VI,10.1117/12.3056290,https://doi.org/10.1117/12.3056290,,verified_crossref,A_激光离子诊断直接相关候选,题名聚焦诊断且题名/摘要有激光离子线索；不代表已审核实验场景,,闪烁体/闪烁纤维/堆栈与断层,闪烁体/闪烁纤维/堆栈与断层,闪烁体/闪烁纤维/堆栈与断层,,仅题名/明确人工核对说明,scintillator,targeted_search_20261004,https://api.crossref.org/works/10.1117%2F12.3056290,否,not_download_attempted_in_this_survey,,,,,,专题标签仅为题名/摘要线索，不证明论文实际使用该器件；不同场景配置不得继承,本次未做全文科学审核,2026/10/4
未下载,本轮尚未尝试下载,IONDET-0338,Cir25,First dosimetric commissioning of a 20 MeV laser-driven proton beam at the ELIMAIA-ELIMED facility,First dosimetric commissioning of a 20 MeV laser-driven proton beam at the ELIMAIA-ELIMED facility,2025,2025,Pablo G. Cirrone; Giada Petringa; Roberto Catalano; Alfio Domenico Pappalardo; Giacomo Cuttone; Mariacristina Guarrera; Pavel Bláha; Francesco Schillaci; Filip Grepl; Maksym Tryus; Valeriia Istokskaia; Lorenzo Giuffrida; Daniele Margarone; Alma Kurmanova,Research Using Extreme Light Infrastructures: New Frontiers with Petawatt-Level Lasers VI,10.1117/12.3056335,https://doi.org/10.1117/12.3056335,,verified_crossref,A_激光离子诊断直接相关候选,题名聚焦诊断且题名/摘要有激光离子线索；不代表已审核实验场景,,,,,,仅题名/明确人工核对说明,charge_laser,targeted_search_20261004,https://api.crossref.org/works/10.1117%2F12.3056335,否,not_download_attempted_in_this_survey,,,,,,专题标签仅为题名/摘要线索，不证明论文实际使用该器件；不同场景配置不得继承,本次未做全文科学审核,2026/10/4
未下载,待寻找公开全文,IONDET-0174,Pea24,Development of a compact magnetic spectrometer for use at the OMEGA Laser Facility and the National Ignition Facility,Development of a compact magnetic spectrometer for use at the OMEGA Laser Facility and the National Ignition Facility.,2024,2024,J. A. Pearcy; L. Russell; N. V. Kabadi; T. M. Johnson; P. A. Adrian; M. Gatu-Johnson; E. Casco; K. Palmisano; G. Gates; T. Burgett; M. Scott; R. D. Petrasso; C. K. Li; J. Frenje,Review of Scientific Instruments,10.1063/5.0219482,https://doi.org/10.1063/5.0219482,,verified,A_激光离子诊断直接相关候选,题名聚焦诊断且题名/摘要有激光离子线索；不代表已审核实验场景,磁谱仪/宽角与成像能谱仪,CR-39/PADC/PM-355及固体蚀刻径迹,磁谱仪/宽角与成像能谱仪; CR-39/PADC/PM-355及固体蚀刻径迹,磁谱仪/宽角与成像能谱仪,磁谱仪/宽角与成像能谱仪; CR-39/PADC/PM-355及固体蚀刻径迹,题名及可用摘要线索,,previous_224,https://api.crossref.org/works/10.1063%2F5.0219482,否,needs_public_fulltext,,,,https://pubs.aip.org/aip/rsi/article-pdf/doi/10.1063/5.0219482/20190179/103509_1_5.0219482.pdf; https://pubs.aip.org/aip/rsi/article-pdf/doi/10.1063/5.0219482/20190179/103509_1_5.0219482.pdf,,专题标签仅为题名/摘要线索，不证明论文实际使用该器件；不同场景配置不得继承,本次未做全文科学审核,2026/10/4
未下载,待寻找公开全文,IONDET-0114,Rie24,Electromagnetic Thomson parabola spectrometer for detection of fs laser-driven keV ions,Electromagnetic Thomson parabola spectrometer for detection of fs laser-driven keV ions,2024,2024,Jan Riedlinger; Lars Torben Schwabe; Q?ndresa Ibraimi; Georg Pretzler,AIP Advances,10.1063/5.0212122,https://doi.org/10.1063/5.0212122,,verified,A_激光离子诊断直接相关候选,题名聚焦诊断且题名/摘要有激光离子线索；不代表已审核实验场景,汤姆逊抛物线/电磁联合能谱仪,,汤姆逊抛物线/电磁联合能谱仪,汤姆逊抛物线/电磁联合能谱仪,汤姆逊抛物线/电磁联合能谱仪,题名及可用摘要线索,magnetic; thomson,previous_224,https://api.crossref.org/works/10.1063%2F5.0212122,否,needs_public_fulltext,,,,https://pubs.aip.org/aip/adv/article-pdf/doi/10.1063/5.0212122/20093336/085304_1_5.0212122.pdf; https://pubs.aip.org/aip/adv/article-pdf/doi/10.1063/5.0212122/20093336/085304_1_5.0212122.pdf,,专题标签仅为题名/摘要线索，不证明论文实际使用该器件；不同场景配置不得继承,本次未做全文科学审核,2026/10/4
未下载,待寻找公开全文,IONDET-0204,Foo24,Errors in the field reconstruction using CR-39 proton radiographs with high fluence variation,Errors in the field reconstruction using CR-39 proton radiographs with high fluence variation.,2024,2024,B. C. Foo; B. I. Buschmann; M. Cufari; S. G. Dannhoff; A. DeVault; T. E. Evans; T. M. Johnson; J. H. Kunimune; Y. Lawrence; J. A. Pearcy; B. L. Reichelt; L. Russell; N. Vanderloo; J. Vargas; C. W. Wink; M. Gatu Johnson; F. H. Séguin; R. D. Petrasso; J. A. Frenje,Review of Scientific Instruments,10.1063/5.0219510,https://doi.org/10.1063/5.0219510,,verified,A_激光离子诊断直接相关候选,题名聚焦诊断且题名/摘要有激光离子线索；不代表已审核实验场景,静电能量分析器/阻滞场与离子探针,CR-39/PADC/PM-355及固体蚀刻径迹,静电能量分析器/阻滞场与离子探针; CR-39/PADC/PM-355及固体蚀刻径迹; 标定/反演/饱和与EMP抗扰,CR-39/PADC/PM-355及固体蚀刻径迹; 标定/反演/饱和与EMP抗扰,静电能量分析器/阻滞场与离子探针; CR-39/PADC/PM-355及固体蚀刻径迹; 标定/反演/饱和与EMP抗扰,题名及可用摘要线索,,previous_224,https://api.crossref.org/works/10.1063%2F5.0219510,否,needs_public_fulltext,,,,https://pubs.aip.org/aip/rsi/article-pdf/doi/10.1063/5.0219510/20228290/103527_1_5.0219510.pdf; https://pubs.aip.org/aip/rsi/article-pdf/doi/10.1063/5.0219510/20228290/103527_1_5.0219510.pdf,,专题标签仅为题名/摘要线索，不证明论文实际使用该器件；不同场景配置不得继承,本次未做全文科学审核,2026/10/4
未下载,待寻找公开全文,IONDET-0125,Van24,Image plate multi-scan response to fusion protons in the range of 1–14 MeV,Image plate multi-scan response to fusion protons in the range of 1-14 MeV.,2024,2024,N. Vanderloo; M. Cufari; L. Russell; T. M. Johnson; J. Vargas; B. C. Foo; B. I. Buschmann; S. G. Dannhoff; A. DeVault; T. E. Evans; J. H. Kunimune; Y. Lawrence; J. A. Pearcy; B. L. Reichelt; C. W. Wink; M. Gatu Johnson; R. D. Petrasso; J. A. Frenje; C. K. Li,Review of Scientific Instruments,10.1063/5.0219547,https://doi.org/10.1063/5.0219547,,verified,A_激光离子诊断直接相关候选,题名聚焦诊断且题名/摘要有激光离子线索；不代表已审核实验场景,静电能量分析器/阻滞场与离子探针,RCF/放射变色膜; CR-39/PADC/PM-355及固体蚀刻径迹; 成像板IP/PSL,静电能量分析器/阻滞场与离子探针; RCF/放射变色膜; CR-39/PADC/PM-355及固体蚀刻径迹; 成像板IP/PSL,成像板IP/PSL,静电能量分析器/阻滞场与离子探针; RCF/放射变色膜; CR-39/PADC/PM-355及固体蚀刻径迹; 成像板IP/PSL,题名及可用摘要线索,imageplate,previous_224,https://api.crossref.org/works/10.1063%2F5.0219547,否,needs_public_fulltext,,,,https://pubs.aip.org/aip/rsi/article-pdf/doi/10.1063/5.0219547/20173293/093536_1_5.0219547.pdf; https://pubs.aip.org/aip/rsi/article-pdf/doi/10.1063/5.0219547/20173293/093536_1_5.0219547.pdf,,专题标签仅为题名/摘要线索，不证明论文实际使用该器件；不同场景配置不得继承,本次未做全文科学审核,2026/10/4
未下载,待寻找公开全文,IONDET-0146,Li24,Mitigation of electromagnetic pulses interfering with Thomson parabola ion spectrometers at XG-III laser facility,Mitigation of electromagnetic pulses interfering with Thomson parabola ion spectrometers at XG-III laser facility.,2024,2024,Zihao Li; Ning Kang; Jian Teng; Zhimeng Zhang; Jiajie Xie; Aihui Niu; Huiya Liu; Mingying Sun; Weimin Zhou; Tingshuai Li,Review of Scientific Instruments,10.1063/5.0174581,https://doi.org/10.1063/5.0174581,,verified,A_激光离子诊断直接相关候选,题名聚焦诊断且题名/摘要有激光离子线索；不代表已审核实验场景,汤姆逊抛物线/电磁联合能谱仪,,汤姆逊抛物线/电磁联合能谱仪; 标定/反演/饱和与EMP抗扰,汤姆逊抛物线/电磁联合能谱仪; 标定/反演/饱和与EMP抗扰,汤姆逊抛物线/电磁联合能谱仪; 标定/反演/饱和与EMP抗扰,题名及可用摘要线索,emp_reconstruction,previous_224,https://api.crossref.org/works/10.1063%2F5.0174581,否,needs_public_fulltext,,,,https://pubs.aip.org/aip/rsi/article-pdf/doi/10.1063/5.0174581/18294153/013502_1_5.0174581.pdf,,专题标签仅为题名/摘要线索，不证明论文实际使用该器件；不同场景配置不得继承,本次未做全文科学审核,2026/10/4
未下载,待寻找公开全文,IONDET-0154,Li23,Design and mathematical modeling of scintillator-based electron–ion Thomson parabola spectrometer,Design and mathematical modeling of scintillator-based electron–ion Thomson parabola spectrometer,2023,2023,Kun Li; Shunhui Zong,AIP Advances,10.1063/5.0159450,https://doi.org/10.1063/5.0159450,,verified,A_激光离子诊断直接相关候选,题名聚焦诊断且题名/摘要有激光离子线索；不代表已审核实验场景,汤姆逊抛物线/电磁联合能谱仪,闪烁体/闪烁纤维/堆栈与断层,汤姆逊抛物线/电磁联合能谱仪; 闪烁体/闪烁纤维/堆栈与断层,汤姆逊抛物线/电磁联合能谱仪; 闪烁体/闪烁纤维/堆栈与断层,汤姆逊抛物线/电磁联合能谱仪; 闪烁体/闪烁纤维/堆栈与断层,题名及可用摘要线索,,previous_224,https://api.crossref.org/works/10.1063%2F5.0159450,否,needs_public_fulltext,,,,https://pubs.aip.org/aip/adv/article-pdf/doi/10.1063/5.0159450/18149970/105202_1_5.0159450.pdf; https://pubs.aip.org/aip/adv/article-pdf/doi/10.1063/5.0159450/18149970/105202_1_5.0159450.pdf,,专题标签仅为题名/摘要线索，不证明论文实际使用该器件；不同场景配置不得继承,本次未做全文科学审核,2026/10/4
未下载,待寻找公开全文,IONDET-0123,Abe22,A multi-stage scintillation counter for GeV-scale multi-species ion spectroscopy in laser-driven particle acceleration experiments,A multi-stage scintillation counter for GeV-scale multi-species ion spectroscopy in laser-driven particle acceleration experiments.,2022,2022,Y. Abe; H. Kohri; A. Tokiyasu; T. Minami; K. Iwasaki; T. Taguchi; T. Asai; M. Kanasaki; S. Kodaira; S. Fujioka; Y. Kuramitsu; Y. Fukuda,Review of Scientific Instruments,10.1063/5.0078817,https://doi.org/10.1063/5.0078817,,verified,A_激光离子诊断直接相关候选,题名聚焦诊断且题名/摘要有激光离子线索；不代表已审核实验场景,汤姆逊抛物线/电磁联合能谱仪; 飞行时间TOF/时间分辨,闪烁体/闪烁纤维/堆栈与断层; RCF/放射变色膜; CR-39/PADC/PM-355及固体蚀刻径迹,汤姆逊抛物线/电磁联合能谱仪; 飞行时间TOF/时间分辨; 闪烁体/闪烁纤维/堆栈与断层; RCF/放射变色膜; CR-39/PADC/PM-355及固体蚀刻径迹,闪烁体/闪烁纤维/堆栈与断层,汤姆逊抛物线/电磁联合能谱仪; 飞行时间TOF/时间分辨; 闪烁体/闪烁纤维/堆栈与断层; RCF/放射变色膜; CR-39/PADC/PM-355及固体蚀刻径迹,题名及可用摘要线索,,previous_224,https://api.crossref.org/works/10.1063%2F5.0078817,否,needs_public_fulltext,,,,https://pubs.aip.org/aip/rsi/article-pdf/doi/10.1063/5.0078817/16631397/063502_1_online.pdf,,专题标签仅为题名/摘要线索，不证明论文实际使用该器件；不同场景配置不得继承,本次未做全文科学审核,2026/10/4
未下载,待寻找公开全文,IONDET-0052,Sch22,Automated reconstruction of the initial distribution of laser accelerated ion beams from radiochromic film (RCF) stacks,Automated reconstruction of the initial distribution of laser accelerated ion beams from radiochromic film (RCF) stacks.,2022,2022,Benedikt Schmitz; Martin Metternich; Oliver Boine-Frankenheim,Review of Scientific Instruments,10.1063/5.0094105,https://doi.org/10.1063/5.0094105,,verified,A_激光离子诊断直接相关候选,题名聚焦诊断且题名/摘要有激光离子线索；不代表已审核实验场景,,RCF/放射变色膜,RCF/放射变色膜; 标定/反演/饱和与EMP抗扰,RCF/放射变色膜; 标定/反演/饱和与EMP抗扰,RCF/放射变色膜,题名及可用摘要线索,rcf,previous_224,https://api.crossref.org/works/10.1063%2F5.0094105,否,needs_public_fulltext,,,,https://pubs.aip.org/aip/rsi/article-pdf/doi/10.1063/5.0094105/16601537/093306_1_online.pdf; https://pubs.aip.org/aip/rsi/article-pdf/doi/10.1063/5.0094105/16601537/093306_1_online.pdf,,专题标签仅为题名/摘要线索，不证明论文实际使用该器件；不同场景配置不得继承,本次未做全文科学审核,2026/10/4
未下载,待寻找公开全文,IONDET-0090,Sci22,High sensitivity Thomson spectrometry: analysis of measurements in high power picosecond laser experiments,High sensitivity Thomson spectrometry: analysis of measurements in high power picosecond laser experiments,2022,2022,M. Scisciò; F. Consoli; M. Salvadori; O. N. Rosmej; S. Z?hter; G. Di Giorgio; P.L. Andreoli; M. Cipriani; G. Cristofari; R. De Angelis; M. M. Günther; M. Gyrdymov; P. Tavana,Journal of Instrumentation,10.1088/1748-0221/17/01/c01055,https://doi.org/10.1088/1748-0221/17/01/c01055,,verified,A_激光离子诊断直接相关候选,题名聚焦诊断且题名/摘要有激光离子线索；不代表已审核实验场景,汤姆逊抛物线/电磁联合能谱仪,,汤姆逊抛物线/电磁联合能谱仪; 标定/反演/饱和与EMP抗扰,汤姆逊抛物线/电磁联合能谱仪,汤姆逊抛物线/电磁联合能谱仪; 标定/反演/饱和与EMP抗扰,题名及可用摘要线索,review_citations,previous_224,https://api.crossref.org/works/10.1088%2F1748-0221%2F17%2F01%2Fc01055,否,needs_public_fulltext,,,,https://iopscience.iop.org/article/10.1088/1748-0221/17/01/C01055/pdf; https://iopscience.iop.org/article/10.1088/1748-0221/17/01/C01055/pdf; https://iopscience.iop.org/article/10.1088/1748-0221/17/01/C01055/pdf,,专题标签仅为题名/摘要线索，不证明论文实际使用该器件；不同场景配置不得继承,本次未做全文科学审核,2026/10/4
未下载,待寻找公开全文,IONDET-0061,Koj21,Absolute response of a Fuji BAS-TR imaging plate to low-energy protons (<0.2 MeV) and carbon ions (<1 MeV),Absolute response of a Fuji BAS-TR imaging plate to low-energy protons (<0.2 MeV) and carbon ions (<1 MeV).,2021,2021,Sadaoki Kojima; Tatsuhiko Miyatake; Shunsuke Inoue; Thanh Hung Dinh; Noboru Hasegawa; Michiaki Mori; Hironao Sakaki; Mamiko Nishiuchi; Nicholas P. Dover; Yoichi Yamamoto; Teru Sasaki; Fuyumi Ito; Kotaro Kondo; Takashi Yamanaka; Masaki Hashida; Shuji Sakabe; Masaharu Nishikino; Kiminori Kondo,Review of Scientific Instruments,10.1063/5.0035618,https://doi.org/10.1063/5.0035618,,verified,A_激光离子诊断直接相关候选,题名聚焦诊断且题名/摘要有激光离子线索；不代表已审核实验场景,汤姆逊抛物线/电磁联合能谱仪,CR-39/PADC/PM-355及固体蚀刻径迹; 成像板IP/PSL,汤姆逊抛物线/电磁联合能谱仪; CR-39/PADC/PM-355及固体蚀刻径迹; 成像板IP/PSL; 标定/反演/饱和与EMP抗扰,成像板IP/PSL,汤姆逊抛物线/电磁联合能谱仪; CR-39/PADC/PM-355及固体蚀刻径迹; 成像板IP/PSL; 标定/反演/饱和与EMP抗扰,题名及可用摘要线索,imageplate,previous_224,https://api.crossref.org/works/10.1063%2F5.0035618,否,needs_public_fulltext,,,,https://pubs.aip.org/aip/rsi/article-pdf/doi/10.1063/5.0035618/13857946/033306_1_online.pdf,,专题标签仅为题名/摘要线索，不证明论文实际使用该器件；不同场景配置不得继承,本次未做全文科学审核,2026/10/4
未下载,待寻找公开全文,IONDET-0098,Gol21,Calibration of imaging plates sensitivity to high energy photons and ions for laser-plasma interaction sources,Calibration of imaging plates sensitivity to high energy photons and ions for laser-plasma interaction sources,2021,2021,D.O. Golovin; S.R. Mirfayzi; S. Shokita; Y. Abe; Z. Lan; Y. Arikawa; A. Morace; T.A. Pikuz; A. Yogo,Journal of Instrumentation,10.1088/1748-0221/16/02/t02005,https://doi.org/10.1088/1748-0221/16/02/t02005,,verified,A_激光离子诊断直接相关候选,题名聚焦诊断且题名/摘要有激光离子线索；不代表已审核实验场景,,成像板IP/PSL,成像板IP/PSL; 标定/反演/饱和与EMP抗扰,成像板IP/PSL; 标定/反演/饱和与EMP抗扰,成像板IP/PSL; 标定/反演/饱和与EMP抗扰,题名及可用摘要线索,imageplate,previous_224,https://api.crossref.org/works/10.1088%2F1748-0221%2F16%2F02%2Ft02005,否,needs_public_fulltext,,,,https://iopscience.iop.org/article/10.1088/1748-0221/16/02/T02005/pdf; https://iopscience.iop.org/article/10.1088/1748-0221/16/02/T02005/pdf,,专题标签仅为题名/摘要线索，不证明论文实际使用该器件；不同场景配置不得继承,本次未做全文科学审核,2026/10/4
未下载,待寻找公开全文,IONDET-0056,Mah21,Calibration of radiochromic EBT3 film using laser-accelerated protons,Calibration of radiochromic EBT3 film using laser-accelerated protons.,2021,2021,M. Ahsan Mahmood; Seong Geun Lee; Sang Hwa Lee; Ha-Na Kim; Kitae Lee; Izhar Ahmad; Jeong Moon Yang; Jin Woo Yoon; Hwang Woon Lee; Jae Hee Sung; Seong Ku Lee; Il Woo Choi; Chang Hee Nam,Review of Scientific Instruments,10.1063/5.0031253,https://doi.org/10.1063/5.0031253,,verified,A_激光离子诊断直接相关候选,题名聚焦诊断且题名/摘要有激光离子线索；不代表已审核实验场景,汤姆逊抛物线/电磁联合能谱仪,RCF/放射变色膜; CR-39/PADC/PM-355及固体蚀刻径迹,汤姆逊抛物线/电磁联合能谱仪; RCF/放射变色膜; CR-39/PADC/PM-355及固体蚀刻径迹; 标定/反演/饱和与EMP抗扰,RCF/放射变色膜; 标定/反演/饱和与EMP抗扰,汤姆逊抛物线/电磁联合能谱仪; RCF/放射变色膜; CR-39/PADC/PM-355及固体蚀刻径迹; 标定/反演/饱和与EMP抗扰,题名及可用摘要线索,calorimeter_laser; rcf,previous_224,https://api.crossref.org/works/10.1063%2F5.0031253,否,needs_public_fulltext,,,,https://pubs.aip.org/aip/rsi/article-pdf/doi/10.1063/5.0031253/15780381/023302_1_online.pdf,,专题标签仅为题名/摘要线索，不证明论文实际使用该器件；不同场景配置不得继承,本次未做全文科学审核,2026/10/4
未下载,待寻找公开全文,IONDET-0198,Mil21,Handling and dosimetry of laser-driven ion beams for applications,Handling and dosimetry of laser-driven ion beams for applications,2021,2021,G. Milluzzo; G. Petringa; R. Catalano; G. A. P. Cirrone,The European Physical Journal Plus,10.1140/epjp/s13360-021-02134-z,https://doi.org/10.1140/epjp/s13360-021-02134-z,,verified,A_激光离子诊断直接相关候选,题名聚焦诊断且题名/摘要有激光离子线索；不代表已审核实验场景,,,,,,仅题名/明确人工核对说明,,previous_224,https://api.crossref.org/works/10.1140%2Fepjp%2Fs13360-021-02134-z,否,needs_public_fulltext,,,,https://link.springer.com/content/pdf/10.1140/epjp/s13360-021-02134-z.pdf; https://link.springer.com/content/pdf/10.1140/epjp/s13360-021-02134-z.pdf,,专题标签仅为题名/摘要线索，不证明论文实际使用该器件；不同场景配置不得继承,本次未做全文科学审核,2026/10/4
未下载,先确认文献身份再找全文,IONDET-0200,Ill21,Modelling Tomographic Reconstruction using Scintillator Fibres for active proton imaging,Modelling Tomographic Reconstruction using Scintillator Fibres for active proton imaging,2021,2021,,,,,https://www.semanticscholar.org/paper/51fc1e1f6a1904793d6114fdc62ea10b78f20ea8,no_publication_doi_pending_identity,A_激光离子诊断直接相关候选,题名聚焦诊断且题名/摘要有激光离子线索；不代表已审核实验场景,,闪烁体/闪烁纤维/堆栈与断层,闪烁体/闪烁纤维/堆栈与断层; 标定/反演/饱和与EMP抗扰,闪烁体/闪烁纤维/堆栈与断层; 标定/反演/饱和与EMP抗扰,闪烁体/闪烁纤维/堆栈与断层; 标定/反演/饱和与EMP抗扰,题名及可用摘要线索,,previous_224,,否,needs_identity_and_fulltext,,,,,,专题标签仅为题名/摘要线索，不证明论文实际使用该器件；不同场景配置不得继承；未确认出版DOI；预印本/报告/会议与正式版关系待核对,本次未做全文科学审核,2026/10/4
未下载,本轮尚未尝试下载,IONDET-0253,Won21,Monte Carlo Study of Imaging Plate Response to Laser-Driven Aluminum Ion Beams,Monte Carlo Study of Imaging Plate Response to Laser-Driven Aluminum Ion Beams,2021,2021,Junho Won; Jaehyeon Song; Sasi Palaniyappan; Donald Cort Gautier; Wonhee Jeong; Juan Carlos Fernández; Woosuk Bang,Applied Sciences,10.3390/app11020820,https://doi.org/10.3390/app11020820,,verified_crossref,A_激光离子诊断直接相关候选,题名聚焦诊断且题名/摘要有激光离子线索；不代表已审核实验场景,,CR-39/PADC/PM-355及固体蚀刻径迹; 成像板IP/PSL,CR-39/PADC/PM-355及固体蚀刻径迹; 成像板IP/PSL; 标定/反演/饱和与EMP抗扰,成像板IP/PSL,CR-39/PADC/PM-355及固体蚀刻径迹; 成像板IP/PSL; 标定/反演/饱和与EMP抗扰,题名及可用摘要线索,imageplate,targeted_search_20261004,https://api.crossref.org/works/10.3390%2Fapp11020820,否,not_download_attempted_in_this_survey,,,,,,专题标签仅为题名/摘要线索，不证明论文实际使用该器件；不同场景配置不得继承,本次未做全文科学审核,2026/10/4
未下载,待寻找公开全文,IONDET-0060,Hes21,Spatially resolved online particle detector using scintillators for laser-driven particle sources,Spatially resolved online particle detector using scintillators for laser-driven particle sources.,2021,2021,M. Hesse; T. Ebert; M. Zimmer; S. Scheuren; G. Schaumann; M. Roth,Review of Scientific Instruments,10.1063/5.0052507,https://doi.org/10.1063/5.0052507,,verified,A_激光离子诊断直接相关候选,题名聚焦诊断且题名/摘要有激光离子线索；不代表已审核实验场景,,闪烁体/闪烁纤维/堆栈与断层,闪烁体/闪烁纤维/堆栈与断层; 标定/反演/饱和与EMP抗扰,闪烁体/闪烁纤维/堆栈与断层,闪烁体/闪烁纤维/堆栈与断层; 标定/反演/饱和与EMP抗扰,题名及可用摘要线索,scintillator,previous_224,https://api.crossref.org/works/10.1063%2F5.0052507,否,needs_public_fulltext,,,,https://pubs.aip.org/aip/rsi/article-pdf/doi/10.1063/5.0052507/15813888/093302_1_online.pdf,,专题标签仅为题名/摘要线索，不证明论文实际使用该器件；不同场景配置不得继承,本次未做全文科学审核,2026/10/4
未下载,待寻找公开全文,IONDET-0083,Rah21,Spectrally resolved ion imaging from laser produced plasmas using CR-39 detectors,Spectrally resolved ion imaging from laser produced plasmas using CR-39 detectors,2021,2021,S. V. Rahul; Rakesh Y. Kumar; T. Sairam; Ratul Sabui; Angana Mondal; V. Rakesh Kumar; Amit D. Lad; Yash M. Ved; Kedar Mal; R. Gopal; M. Krishnamurthy,AIP Advances,10.1063/5.0031930,https://doi.org/10.1063/5.0031930,,verified,A_激光离子诊断直接相关候选,题名聚焦诊断且题名/摘要有激光离子线索；不代表已审核实验场景,,CR-39/PADC/PM-355及固体蚀刻径迹,CR-39/PADC/PM-355及固体蚀刻径迹,CR-39/PADC/PM-355及固体蚀刻径迹,CR-39/PADC/PM-355及固体蚀刻径迹,题名及可用摘要线索,,previous_224,https://api.crossref.org/works/10.1063%2F5.0031930,否,needs_public_fulltext,,,,https://pubs.aip.org/aip/adv/article-pdf/doi/10.1063/5.0031930/12838995/015232_1_online.pdf; https://pubs.aip.org/aip/adv/article-pdf/doi/10.1063/5.0031930/12838995/015232_1_online.pdf,,专题标签仅为题名/摘要线索，不证明论文实际使用该器件；不同场景配置不得继承,本次未做全文科学审核,2026/10/4
未下载,待寻找公开全文,IONDET-0140,Kan20,Application of CR-39 Solid State Nuclear Track Detectors to Laser-Driven Ion Acceleration Experiments,Application of CR-39 Solid State Nuclear Track Detectors to Laser-Driven Ion Acceleration Experiments,2020,2020,Masato Kanasaki; Tomoya Yamauchi; Keiji Oda; Yuji Fukuda,Topics in Applied Physics; Progress in Ultrafast Intense Laser Science XV,10.1007/978-3-030-47098-2_7,https://doi.org/10.1007/978-3-030-47098-2_7,,verified,A_激光离子诊断直接相关候选,题名聚焦诊断且题名/摘要有激光离子线索；不代表已审核实验场景,,CR-39/PADC/PM-355及固体蚀刻径迹,CR-39/PADC/PM-355及固体蚀刻径迹,CR-39/PADC/PM-355及固体蚀刻径迹,CR-39/PADC/PM-355及固体蚀刻径迹,题名及可用摘要线索,tracks,previous_224,https://api.crossref.org/works/10.1007%2F978-3-030-47098-2_7,否,needs_public_fulltext,,,,,,专题标签仅为题名/摘要线索，不证明论文实际使用该器件；不同场景配置不得继承,本次未做全文科学审核,2026/10/4
未下载,待寻找公开全文,IONDET-0150,He20c,Calibration of CR-39 solid state track detectors with monoenergetic protons from 0.3 MeV to 2.5 MeV,Calibration of CR-39 solid state track detectors with monoenergetic protons from 0.3 MeV to 2.5 MeV,2020,2020,Yangfan He; Xiaofeng Xi; Shilun Guo; Bing Guo; Changye He; Fulong Liu; Xiaofei Lan; Menglin Qiu; Guangfu Wang; Di Wu; Jihong Wei; Luohuan Wang; Wansha Yang; Donghai Zhang,EPJ Web of Conferences,10.1051/epjconf/202023907006,https://doi.org/10.1051/epjconf/202023907006,,verified,A_激光离子诊断直接相关候选,题名聚焦诊断且题名/摘要有激光离子线索；不代表已审核实验场景,,CR-39/PADC/PM-355及固体蚀刻径迹,CR-39/PADC/PM-355及固体蚀刻径迹; 标定/反演/饱和与EMP抗扰,CR-39/PADC/PM-355及固体蚀刻径迹; 标定/反演/饱和与EMP抗扰,CR-39/PADC/PM-355及固体蚀刻径迹; 标定/反演/饱和与EMP抗扰,题名及可用摘要线索,,previous_224,https://api.crossref.org/works/10.1051%2Fepjconf%2F202023907006,否,needs_public_fulltext,,,,,,专题标签仅为题名/摘要线索，不证明论文实际使用该器件；不同场景配置不得继承,本次未做全文科学审核,2026/10/4
未下载,本轮尚未尝试下载,IONDET-0241,He20; He20b,Calibration of CR-39 solid-state track detectors for study of laser-driven nuclear reactions,Calibration of CR-39 solid-state track detectors for study of laser-driven nuclear reactions,2020,2020,Yang-Fan He; Xiao-Feng Xi; Shi-Lun Guo; Bing Guo; Chuang-Ye He; Fu-Long Liu; Di Wu; Ji-Hong Wei; Wan-Sha Yang; Luo-Huan Wang; Dong-Hai Zhang; Meng-Lin Qiu; Guang-Fu Wang; Chao-Yang Li; Xiao-Fei Lan,Nuclear Science and Techniques,10.1007/s41365-020-0749-1,https://doi.org/10.1007/s41365-020-0749-1,,verified_crossref,A_激光离子诊断直接相关候选,题名聚焦诊断且题名/摘要有激光离子线索；不代表已审核实验场景,,CR-39/PADC/PM-355及固体蚀刻径迹,CR-39/PADC/PM-355及固体蚀刻径迹; 标定/反演/饱和与EMP抗扰,CR-39/PADC/PM-355及固体蚀刻径迹; 标定/反演/饱和与EMP抗扰,,仅题名/明确人工核对说明,tracks,targeted_search_20261004,https://api.crossref.org/works/10.1007%2Fs41365-020-0749-1,否,not_download_attempted_in_this_survey,,,,http://link.springer.com/content/pdf/10.1007/s41365-020-0749-1.pdf; http://link.springer.com/content/pdf/10.1007/s41365-020-0749-1.pdf,,专题标签仅为题名/摘要线索，不证明论文实际使用该器件；不同场景配置不得继承,本次未做全文科学审核,2026/10/4
未下载,待寻找公开全文,IONDET-0106,Koj20,Compact Thomson parabola spectrometer with variability of energy range and measurability of angular distribution for low-energy laser-driven accelerated ions,Compact Thomson parabola spectrometer with variability of energy range and measurability of angular distribution for low-energy laser-driven accelerated ions.,2020,2020,Sadaoki Kojima; Shunsuke Inoue; Thanh Hung Dinh; Noboru Hasegawa; Michiaki Mori; Hironao Sakaki; Yoichi Yamamoto; Teru Sasaki; Keiichiro Shiokawa; Kotaro Kondo; Takashi Yamanaka; Masaki Hashida; Shuji Sakabe; Masaharu Nishikino; Kiminori Kondo,Review of Scientific Instruments,10.1063/5.0005450,https://doi.org/10.1063/5.0005450,,verified,A_激光离子诊断直接相关候选,题名聚焦诊断且题名/摘要有激光离子线索；不代表已审核实验场景,汤姆逊抛物线/电磁联合能谱仪,,汤姆逊抛物线/电磁联合能谱仪,汤姆逊抛物线/电磁联合能谱仪,汤姆逊抛物线/电磁联合能谱仪,题名及可用摘要线索,magnetic,previous_224,https://api.crossref.org/works/10.1063%2F5.0005450,否,needs_public_fulltext,,,,https://pubs.aip.org/aip/rsi/article-pdf/doi/10.1063/5.0005450/13638369/053305_1_online.pdf,,专题标签仅为题名/摘要线索，不证明论文实际使用该器件；不同场景配置不得继承,本次未做全文科学审核,2026/10/4
未下载,待寻找公开全文,IONDET-0071,Ver20,Comparison of single crystal diamond TOF detectors in planar and transverse configuration,Comparison of single crystal diamond TOF detectors in planar and transverse configuration,2020,2020,C. Verona; M. Marinelli; S. Palomba; G. Verona-Rinati; M. Salvadori; F. Consoli; M. Cipriani; P. Antici; M. Migliorati; F. Bisesto; R. Pompili,Journal of Instrumentation,10.1088/1748-0221/15/09/c09066,https://doi.org/10.1088/1748-0221/15/09/c09066,,verified,A_激光离子诊断直接相关候选,题名聚焦诊断且题名/摘要有激光离子线索；不代表已审核实验场景,飞行时间TOF/时间分辨,半导体/金刚石/SiC/Si及像素探测,飞行时间TOF/时间分辨; 半导体/金刚石/SiC/Si及像素探测; 标定/反演/饱和与EMP抗扰,飞行时间TOF/时间分辨; 半导体/金刚石/SiC/Si及像素探测,飞行时间TOF/时间分辨; 半导体/金刚石/SiC/Si及像素探测; 标定/反演/饱和与EMP抗扰,题名及可用摘要线索,tof,previous_224,https://api.crossref.org/works/10.1088%2F1748-0221%2F15%2F09%2Fc09066,否,needs_public_fulltext,,,,https://iopscience.iop.org/article/10.1088/1748-0221/15/09/C09066/pdf; https://iopscience.iop.org/article/10.1088/1748-0221/15/09/C09066/pdf,,专题标签仅为题名/摘要线索，不证明论文实际使用该器件；不同场景配置不得继承；CCD/CMOS光学读出与直接半导体离子探测角色须全文区分,本次未做全文科学审核,2026/10/4
未下载,本轮尚未尝试下载,IONDET-0232,Win20,Development of a new Thomson parabola spectrometer for analysis of laser accelerated ions,Development of a new Thomson parabola spectrometer for analysis of laser accelerated ions,2020,2020,C. Winter,Unknown Journal,,,https://www.semanticscholar.org/paper/4952f426541a402f1c5a1ee9d469ac7328c33d9e,no_publication_doi_pending_identity,A_激光离子诊断直接相关候选,题名聚焦诊断且题名/摘要有激光离子线索；不代表已审核实验场景,汤姆逊抛物线/电磁联合能谱仪,,汤姆逊抛物线/电磁联合能谱仪,汤姆逊抛物线/电磁联合能谱仪,,仅题名/明确人工核对说明,thomson,targeted_search_20261004,,否,not_download_attempted_in_this_survey,,,,,,专题标签仅为题名/摘要线索，不证明论文实际使用该器件；不同场景配置不得继承；未确认出版DOI；预印本/报告/会议与正式版关系待核对,本次未做全文科学审核,2026/10/4
未下载,待寻找公开全文,IONDET-0040,Nis20,Ion species discrimination method by linear energy transfer measurement in Fujifilm BAS-SR imaging plate,Ion species discrimination method by linear energy transfer measurement in Fujifilm BAS-SR imaging plate.,2020,2020,M. Nishiuchi; H. Sakaki; N. P. Dover; T. Miyahara; K. Shiokawa; S. Manabe; T. Miyatake; Ko. Kondo; Ke. Kondo; Y. Iwata; Y. Watanabe; Ki. Kondo,Review of Scientific Instruments,10.1063/5.0016515,https://doi.org/10.1063/5.0016515,,verified,A_激光离子诊断直接相关候选,题名聚焦诊断且题名/摘要有激光离子线索；不代表已审核实验场景,,成像板IP/PSL,成像板IP/PSL; 标定/反演/饱和与EMP抗扰,成像板IP/PSL,成像板IP/PSL; 标定/反演/饱和与EMP抗扰,题名及可用摘要线索,imageplate,previous_224,https://api.crossref.org/works/10.1063%2F5.0016515,否,needs_public_fulltext,,,,https://pubs.aip.org/aip/rsi/article-pdf/doi/10.1063/5.0016515/14798776/093305_1_online.pdf; https://pubs.aip.org/aip/rsi/article-pdf/doi/10.1063/5.0016515/14798776/093305_1_online.pdf,,专题标签仅为题名/摘要线索，不证明论文实际使用该器件；不同场景配置不得继承,本次未做全文科学审核,2026/10/4
未下载,待寻找公开全文,IONDET-0080,Sei20,PADC nuclear track detector for ion spectroscopy in laser-plasma acceleration,PADC nuclear track detector for ion spectroscopy in laser-plasma acceleration.,2020,2020,M. Seimetz; J. Pe?as; J.J. Llerena; J. Benlliure; J. García López; M.A. Millán-Callado; J.M. Benlloch,Physica Medica,10.1016/j.ejmp.2020.06.005,https://doi.org/10.1016/j.ejmp.2020.06.005,,verified,A_激光离子诊断直接相关候选,题名聚焦诊断且题名/摘要有激光离子线索；不代表已审核实验场景,,CR-39/PADC/PM-355及固体蚀刻径迹,CR-39/PADC/PM-355及固体蚀刻径迹; 标定/反演/饱和与EMP抗扰,CR-39/PADC/PM-355及固体蚀刻径迹,CR-39/PADC/PM-355及固体蚀刻径迹; 标定/反演/饱和与EMP抗扰,题名及可用摘要线索,review_citations; tracks,previous_224,https://api.crossref.org/works/10.1016%2Fj.ejmp.2020.06.005,否,needs_public_fulltext,,,,,,专题标签仅为题名/摘要线索，不证明论文实际使用该器件；不同场景配置不得继承,本次未做全文科学审核,2026/10/4
未下载,待寻找公开全文,IONDET-0183,Sch19b,Design of a high energy Thomson Parabola ion spectrometer for the ELIMAIA beamline,Design of a high energy Thomson Parabola ion spectrometer for the ELIMAIA beamline,2019,2019,F. Schillaci; M. Nevrkla; M. Maggiore; L. Goncalves; G.A.P. Cirrone; A. Velyhan; D. Margarone,Journal of Instrumentation,10.1088/1748-0221/14/06/t06004,https://doi.org/10.1088/1748-0221/14/06/t06004,,verified,A_激光离子诊断直接相关候选,题名聚焦诊断且题名/摘要有激光离子线索；不代表已审核实验场景,汤姆逊抛物线/电磁联合能谱仪,,汤姆逊抛物线/电磁联合能谱仪; 标定/反演/饱和与EMP抗扰,汤姆逊抛物线/电磁联合能谱仪,汤姆逊抛物线/电磁联合能谱仪; 标定/反演/饱和与EMP抗扰,题名及可用摘要线索,,previous_224,https://api.crossref.org/works/10.1088%2F1748-0221%2F14%2F06%2Ft06004,否,needs_public_fulltext,,,,https://iopscience.iop.org/article/10.1088/1748-0221/14/06/T06004/pdf; https://iopscience.iop.org/article/10.1088/1748-0221/14/06/T06004/pdf,,专题标签仅为题名/摘要线索，不证明论文实际使用该器件；不同场景配置不得继承,本次未做全文科学审核,2026/10/4
未下载,本轮尚未尝试下载,IONDET-0347,Pol19,Irradiation and dosimetry arrangement for a radiobiological experiment employing laser-accelerated protons,Irradiation and dosimetry arrangement for a radiobiological experiment employing laser-accelerated protons,2019,2019,K. Polin; D. Doria; L. Romagnani; P. Chaudhary; G.A.P. Cirrone; C. Maiorino; G. Milluzzo; G. Petringa; F. Romano; G. Schettino; V. Scuderi; K. Prise; M. Borghesi,Journal of Instrumentation,10.1088/1748-0221/14/10/c10015,https://doi.org/10.1088/1748-0221/14/10/c10015,,verified_crossref,A_激光离子诊断直接相关候选,题名聚焦诊断且题名/摘要有激光离子线索；不代表已审核实验场景,,,,,,题名及可用摘要线索,calorimeter_laser,targeted_search_20261004,https://api.crossref.org/works/10.1088%2F1748-0221%2F14%2F10%2Fc10015,否,not_download_attempted_in_this_survey,,,,https://iopscience.iop.org/article/10.1088/1748-0221/14/10/C10015/pdf; https://iopscience.iop.org/article/10.1088/1748-0221/14/10/C10015/pdf,,专题标签仅为题名/摘要线索，不证明论文实际使用该器件；不同场景配置不得继承,本次未做全文科学审核,2026/10/4
未下载,本轮尚未尝试下载,IONDET-0385,Bis19,Review on TNSA diagnostics and recent developments at SPARC_LAB,Review on TNSA diagnostics and recent developments at SPARC_LAB,2019,2019,Fabrizio Bisesto; Mario Galletti; Maria Pia Anania; Massimo Ferrario; Riccardo Pompili; Mordechai Botton; Elad Schleifer; Arie Zigler,High Power Laser Science and Engineering,10.1017/hpl.2019.41,https://doi.org/10.1017/hpl.2019.41,,verified_crossref,A_激光离子诊断直接相关候选,题名聚焦诊断且题名/摘要有激光离子线索；不代表已审核实验场景,,,标定/反演/饱和与EMP抗扰,,标定/反演/饱和与EMP抗扰,题名及可用摘要线索,review_citations,targeted_search_20261004,https://api.crossref.org/works/10.1017%2Fhpl.2019.41,否,not_download_attempted_in_this_survey,,,,,,专题标签仅为题名/摘要线索，不证明论文实际使用该器件；不同场景配置不得继承,本次未做全文科学审核,2026/10/4
未下载,先确认文献身份再找全文,IONDET-0208,Haf19b,Tailored online diagnostics for a laser-driven plasma ion source prototype,Tailored online diagnostics for a laser-driven plasma ion source prototype,2019,2019,,,,,https://www.semanticscholar.org/paper/8643173190990f5ac1050a4b9299a4b04bbf7b17,no_publication_doi_pending_identity,A_激光离子诊断直接相关候选,题名聚焦诊断且题名/摘要有激光离子线索；不代表已审核实验场景,离子声学/超声及Bragg峰声学监测,RCF/放射变色膜,RCF/放射变色膜; 离子声学/超声及Bragg峰声学监测; 标定/反演/饱和与EMP抗扰,,RCF/放射变色膜; 离子声学/超声及Bragg峰声学监测; 标定/反演/饱和与EMP抗扰,题名及可用摘要线索,review_citations,previous_224,,否,needs_identity_and_fulltext,,,,,,专题标签仅为题名/摘要线索，不证明论文实际使用该器件；不同场景配置不得继承；未确认出版DOI；预印本/报告/会议与正式版关系待核对,本次未做全文科学审核,2026/10/4
未下载,待寻找公开全文,IONDET-0161,Eng18,"AN ONLINE, RADIATION HARD PROTON ENERGY-RESOLVING SCINTILLATOR STACK FOR LASER-DRIVEN PROTON BUNCHES","AN ONLINE, RADIATION HARD PROTON ENERGY-RESOLVING SCINTILLATOR STACK FOR LASER-DRIVEN PROTON BUNCHES",2018,2018,Franz Siegfried Englbrecht; Matthias Würl; Francesco Olivari; Andrea Ficorella; Christian Kreuzer; Florian H Lindner; Matteo Dalla Palma; Lucio Pancheri; Gian-Franco Dalla Betta; J?rg Schreiber; Alberto Quaranta; Katia Parodi,Radiation Protection Dosimetry,10.1093/rpd/ncy008,https://doi.org/10.1093/rpd/ncy008,,verified,A_激光离子诊断直接相关候选,题名聚焦诊断且题名/摘要有激光离子线索；不代表已审核实验场景,,闪烁体/闪烁纤维/堆栈与断层,闪烁体/闪烁纤维/堆栈与断层,闪烁体/闪烁纤维/堆栈与断层,,仅题名/明确人工核对说明,scintillator,previous_224,https://api.crossref.org/works/10.1093%2Frpd%2Fncy008,否,needs_public_fulltext,,,,,,专题标签仅为题名/摘要线索，不证明论文实际使用该器件；不同场景配置不得继承,本次未做全文科学审核,2026/10/4
未下载,先确认文献身份再找全文,IONDET-0220,Mar18b,Absolute calibration of Fujifilm BAS-TR image plate response to high energy protons in the range 10-40 MeV,Absolute calibration of Fujifilm BAS-TR image plate response to high energy protons in the range 10-40 MeV,2018,2018,,,,,https://www.semanticscholar.org/paper/08c7acacafa5d2528764f08ff90da24bfdb579a1,no_publication_doi_pending_identity,A_激光离子诊断直接相关候选,题名聚焦诊断且题名/摘要有激光离子线索；不代表已审核实验场景,,成像板IP/PSL,成像板IP/PSL; 标定/反演/饱和与EMP抗扰,成像板IP/PSL; 标定/反演/饱和与EMP抗扰,成像板IP/PSL,题名及可用摘要线索,imageplate,previous_224,,否,needs_identity_and_fulltext,,,,,,专题标签仅为题名/摘要线索，不证明论文实际使用该器件；不同场景配置不得继承；未确认出版DOI；预印本/报告/会议与正式版关系待核对,本次未做全文科学审核,2026/10/4
未下载,本轮尚未尝试下载,IONDET-0240,Bin18,Absolute calibration of GafChromic film for high-flux laser-driven ion beams,Absolute calibration of GafChromic film for high-flux laser-driven ion beams,2018,2018,"J. Bin, ..., and W. Leemans",Bulletin of the American Physical Society,,,https://www.semanticscholar.org/paper/a91d9357fcce9e7ced2d02ea6627f136c5431340,no_publication_doi_pending_identity,A_激光离子诊断直接相关候选,题名聚焦诊断且题名/摘要有激光离子线索；不代表已审核实验场景,,RCF/放射变色膜,RCF/放射变色膜; 标定/反演/饱和与EMP抗扰,RCF/放射变色膜; 标定/反演/饱和与EMP抗扰,,仅题名/明确人工核对说明,rcf,targeted_search_20261004,,否,not_download_attempted_in_this_survey,,,,,Bin19,专题标签仅为题名/摘要线索，不证明论文实际使用该器件；不同场景配置不得继承；未确认出版DOI；预印本/报告/会议与正式版关系待核对；题名相近仅产生疑似关系；未自动合并不同DOI或存档,本次未做全文科学审核,2026/10/4
未下载,待寻找公开全文,IONDET-0102,Zha18,An angular-resolved multi-channel Thomson parabola spectrometer for laser-driven ion measurement,An angular-resolved multi-channel Thomson parabola spectrometer for laser-driven ion measurement.,2018,2018,Yihang Zhang; Zhe Zhang; Baojun Zhu; Weiman Jiang; Lei Cheng; Lei Zhao; Xiaopeng Zhang; Xu Zhao; Xiaohui Yuan; Bowei Tong; Jiayong Zhong; Shukai He; Feng Lu; Yuchi Wu; Weimin Zhou; Faqiang Zhang; Kainan Zhou; Na Xie; Zheng Huang; Yuqiu Gu; Suming Weng; Miaohua Xu; Yingjun Li; Yutong Li,Review of Scientific Instruments,10.1063/1.5042424,https://doi.org/10.1063/1.5042424,,verified,A_激光离子诊断直接相关候选,题名聚焦诊断且题名/摘要有激光离子线索；不代表已审核实验场景,汤姆逊抛物线/电磁联合能谱仪,,汤姆逊抛物线/电磁联合能谱仪,汤姆逊抛物线/电磁联合能谱仪,汤姆逊抛物线/电磁联合能谱仪,题名及可用摘要线索,magnetic; thomson,previous_224,https://api.crossref.org/works/10.1063%2F1.5042424,否,needs_public_fulltext,,,,https://pubs.aip.org/aip/rsi/article-pdf/doi/10.1063/1.5042424/15992882/093302_1_online.pdf,,专题标签仅为题名/摘要线索，不证明论文实际使用该器件；不同场景配置不得继承,本次未做全文科学审核,2026/10/4
未下载,待寻找公开全文,IONDET-0043,Duc18,Calibration of the low-energy channel Thomson parabola of the LMJ-PETAL diagnostic SEPAGE with protons and carbon ions,Calibration of the low-energy channel Thomson parabola of the LMJ-PETAL diagnostic SEPAGE with protons and carbon ions.,2018,2018,J.-E. Ducret; D. Batani; G. Boutoux; A. Chancé; B. Gastineau; J.-C. Guillard; F. Harrault; K. Jakubowska; I. Lantuejoul-Thfoin; D. Leboeuf; D. Loiseau; A. Lotode; C. Pès; N. Rabhi; A. Sa?d; A. Semsoum; L. Serani; B. Thomas; J.-C. Toussaint; B. Vauzour,Review of Scientific Instruments,10.1063/1.5009737,https://doi.org/10.1063/1.5009737,,verified,A_激光离子诊断直接相关候选,题名聚焦诊断且题名/摘要有激光离子线索；不代表已审核实验场景,汤姆逊抛物线/电磁联合能谱仪,,汤姆逊抛物线/电磁联合能谱仪; 标定/反演/饱和与EMP抗扰,汤姆逊抛物线/电磁联合能谱仪; 标定/反演/饱和与EMP抗扰,汤姆逊抛物线/电磁联合能谱仪; 标定/反演/饱和与EMP抗扰,题名及可用摘要线索,,previous_224,https://api.crossref.org/works/10.1063%2F1.5009737,否,needs_public_fulltext,,,,https://pubs.aip.org/aip/rsi/article-pdf/doi/10.1063/1.5009737/15826894/023304_1_online.pdf,,专题标签仅为题名/摘要线索，不证明论文实际使用该器件；不同场景配置不得继承,本次未做全文科学审核,2026/10/4
未下载,本轮尚未尝试下载,IONDET-0369,Cos18,Diagnostics of Particles emitted from a Laser generated Plasma: Experimental Data and Simulations,Diagnostics of Particles emitted from a Laser generated Plasma: Experimental Data and Simulations,2018,2018,Giuseppe Costa; Lorenzo Torrisi,EPJ Web of Conferences,10.1051/epjconf/201816704005,https://doi.org/10.1051/epjconf/201816704005,,verified_crossref,A_激光离子诊断直接相关候选,题名聚焦诊断且题名/摘要有激光离子线索；不代表已审核实验场景,汤姆逊抛物线/电磁联合能谱仪,,汤姆逊抛物线/电磁联合能谱仪,,汤姆逊抛物线/电磁联合能谱仪,题名及可用摘要线索,electrostatic_laser,targeted_search_20261004,https://api.crossref.org/works/10.1051%2Fepjconf%2F201816704005,否,not_download_attempted_in_this_survey,,,,,,专题标签仅为题名/摘要线索，不证明论文实际使用该器件；不同场景配置不得继承,本次未做全文科学审核,2026/10/4
未下载,本轮尚未尝试下载,IONDET-0370,Tor18,Magnetic and electric deflector spectrometers for ion emission analysis from laser generated plasma,Magnetic and electric deflector spectrometers for ion emission analysis from laser generated plasma,2018,2018,Lorenzo Torrisi; Giuseppe Costa; Giovanni Ceccio; Antonino Cannavò; Nancy Restuccia; Mariapompea Cutroneo,EPJ Web of Conferences,10.1051/epjconf/201816703011,https://doi.org/10.1051/epjconf/201816703011,,verified_crossref,A_激光离子诊断直接相关候选,题名聚焦诊断且题名/摘要有激光离子线索；不代表已审核实验场景,汤姆逊抛物线/电磁联合能谱仪; 静电能量分析器/阻滞场与离子探针; 飞行时间TOF/时间分辨; 法拉第杯/ICT/电离室及电荷剂量监测,半导体/金刚石/SiC/Si及像素探测,汤姆逊抛物线/电磁联合能谱仪; 静电能量分析器/阻滞场与离子探针; 飞行时间TOF/时间分辨; 半导体/金刚石/SiC/Si及像素探测; 法拉第杯/ICT/电离室及电荷剂量监测,,汤姆逊抛物线/电磁联合能谱仪; 静电能量分析器/阻滞场与离子探针; 飞行时间TOF/时间分辨; 半导体/金刚石/SiC/Si及像素探测; 法拉第杯/ICT/电离室及电荷剂量监测,题名及可用摘要线索,electrostatic_laser,targeted_search_20261004,https://api.crossref.org/works/10.1051%2Fepjconf%2F201816703011,否,not_download_attempted_in_this_survey,,,,,,专题标签仅为题名/摘要线索，不证明论文实际使用该器件；不同场景配置不得继承；CCD/CMOS光学读出与直接半导体离子探测角色须全文区分,本次未做全文科学审核,2026/10/4
未下载,待寻找公开全文,IONDET-0147,Cav18,Plasma-laser ion discrimination by TOF technique applied to coupled SiC detectors.,Plasma-laser ion discrimination by TOF technique applied to coupled SiC detectors.,2018,2018,Salvatore Cavallaro,EPJ Web of Conferences,10.1051/epjconf/201816704003,https://doi.org/10.1051/epjconf/201816704003,,verified,A_激光离子诊断直接相关候选,题名聚焦诊断且题名/摘要有激光离子线索；不代表已审核实验场景,飞行时间TOF/时间分辨,半导体/金刚石/SiC/Si及像素探测,飞行时间TOF/时间分辨; 半导体/金刚石/SiC/Si及像素探测; 标定/反演/饱和与EMP抗扰,飞行时间TOF/时间分辨; 半导体/金刚石/SiC/Si及像素探测,飞行时间TOF/时间分辨; 半导体/金刚石/SiC/Si及像素探测; 标定/反演/饱和与EMP抗扰,题名及可用摘要线索,,previous_224,https://api.crossref.org/works/10.1051%2Fepjconf%2F201816704003,否,needs_public_fulltext,,,,,,专题标签仅为题名/摘要线索，不证明论文实际使用该器件；不同场景配置不得继承；CCD/CMOS光学读出与直接半导体离子探测角色须全文区分,本次未做全文科学审核,2026/10/4
未下载,待寻找公开全文,IONDET-0182,Bat18,Proton acceleration measurements using fs laser irradiation of foils in the target normal sheath acceleration regime,Proton acceleration measurements using fs laser irradiation of foils in the target normal sheath acceleration regime,2018,2018,D. Batani; G. Boutoux; F. Burgy; K. Jakubowska; J. E. Ducret,Physics of Plasmas,10.1063/1.5029854,https://doi.org/10.1063/1.5029854,,verified,A_激光离子诊断直接相关候选,题名聚焦诊断且题名/摘要有激光离子线索；不代表已审核实验场景,汤姆逊抛物线/电磁联合能谱仪; 飞行时间TOF/时间分辨,半导体/金刚石/SiC/Si及像素探测,汤姆逊抛物线/电磁联合能谱仪; 飞行时间TOF/时间分辨; 半导体/金刚石/SiC/Si及像素探测,,汤姆逊抛物线/电磁联合能谱仪; 飞行时间TOF/时间分辨; 半导体/金刚石/SiC/Si及像素探测,题名及可用摘要线索,,previous_224,https://api.crossref.org/works/10.1063%2F1.5029854,否,needs_public_fulltext,,,,https://pubs.aip.org/aip/pop/article-pdf/doi/10.1063/1.5029854/14693539/054506_1_online.pdf,,专题标签仅为题名/摘要线索，不证明论文实际使用该器件；不同场景配置不得继承；CCD/CMOS光学读出与直接半导体离子探测角色须全文区分,本次未做全文科学审核,2026/10/4
未下载,本轮尚未尝试下载,IONDET-0387,Fen18,Spectral calibration of EBT3 and HD-V2 radiochromic film response at high dose using 20 MeV proton beams,Spectral calibration of EBT3 and HD-V2 radiochromic film response at high dose using 20 MeV proton beams.,2018,2018,Yiwei Feng; Henry F. Tiedje; Katherine Gagnon; Robert Fedosejevs,Review of Scientific Instruments,10.1063/1.4996022,https://doi.org/10.1063/1.4996022,,verified_crossref,A_激光离子诊断直接相关候选,题名聚焦诊断且题名/摘要有激光离子线索；不代表已审核实验场景,,RCF/放射变色膜,RCF/放射变色膜; 标定/反演/饱和与EMP抗扰,RCF/放射变色膜; 标定/反演/饱和与EMP抗扰,RCF/放射变色膜; 标定/反演/饱和与EMP抗扰,题名及可用摘要线索,review_citations,targeted_search_20261004,https://api.crossref.org/works/10.1063%2F1.4996022,否,not_download_attempted_in_this_survey,,,,https://pubs.aip.org/aip/rsi/article-pdf/doi/10.1063/1.4996022/15764274/043511_1_online.pdf; https://pubs.aip.org/aip/rsi/article-pdf/doi/10.1063/1.4996022/15764274/043511_1_online.pdf,,专题标签仅为题名/摘要线索，不证明论文实际使用该器件；不同场景配置不得继承,本次未做全文科学审核,2026/10/4
未下载,先确认文献身份再找全文,IONDET-0216,Mil18,TOF-based diagnosis of high-energy laser-accelerated protons using diamond detectors,TOF-based diagnosis of high-energy laser-accelerated protons using diamond detectors,2018,2018,,,,,https://www.semanticscholar.org/paper/0acc268b0dddf30a9f5d3fc618349b69859e0620,no_publication_doi_pending_identity,A_激光离子诊断直接相关候选,题名聚焦诊断且题名/摘要有激光离子线索；不代表已审核实验场景,静电能量分析器/阻滞场与离子探针; 飞行时间TOF/时间分辨; 法拉第杯/ICT/电离室及电荷剂量监测,半导体/金刚石/SiC/Si及像素探测,静电能量分析器/阻滞场与离子探针; 飞行时间TOF/时间分辨; 半导体/金刚石/SiC/Si及像素探测; 法拉第杯/ICT/电离室及电荷剂量监测,飞行时间TOF/时间分辨; 半导体/金刚石/SiC/Si及像素探测,静电能量分析器/阻滞场与离子探针; 飞行时间TOF/时间分辨; 半导体/金刚石/SiC/Si及像素探测; 法拉第杯/ICT/电离室及电荷剂量监测,题名及可用摘要线索,semiconductor; tof,previous_224,,否,needs_identity_and_fulltext,,,,,,专题标签仅为题名/摘要线索，不证明论文实际使用该器件；不同场景配置不得继承；未确认出版DOI；预印本/报告/会议与正式版关系待核对；CCD/CMOS光学读出与直接半导体离子探测角色须全文区分,本次未做全文科学审核,2026/10/4
未下载,待寻找公开全文,IONDET-0127,Tat17,A gated Thomson parabola spectrometer for improved ion and neutral atom measurements in intense laser produced plasmas,A gated Thomson parabola spectrometer for improved ion and neutral atom measurements in intense laser produced plasmas.,2017,2017,Sheroy Tata; Angana Mondal; Soubhik Sarkar; Amit D. Lad; M. Krishnamurthy,Review of Scientific Instruments,10.1063/1.4998685,https://doi.org/10.1063/1.4998685,,verified,A_激光离子诊断直接相关候选,题名聚焦诊断且题名/摘要有激光离子线索；不代表已审核实验场景,汤姆逊抛物线/电磁联合能谱仪; 飞行时间TOF/时间分辨,,汤姆逊抛物线/电磁联合能谱仪; 飞行时间TOF/时间分辨; 标定/反演/饱和与EMP抗扰,汤姆逊抛物线/电磁联合能谱仪,汤姆逊抛物线/电磁联合能谱仪; 飞行时间TOF/时间分辨; 标定/反演/饱和与EMP抗扰,题名及可用摘要线索,electrostatic_laser; emp_reconstruction; thomson,previous_224,https://api.crossref.org/works/10.1063%2F1.4998685,否,needs_public_fulltext,,,,https://pubs.aip.org/aip/rsi/article-pdf/doi/10.1063/1.4998685/13525894/083305_1_online.pdf,,专题标签仅为题名/摘要线索，不证明论文实际使用该器件；不同场景配置不得继承,本次未做全文科学审核,2026/10/4
未下载,待寻找公开全文,IONDET-0045,Rab17,Calibration of imaging plate detectors to mono-energetic protons in the range 1-200 MeV,Calibration of imaging plate detectors to mono-energetic protons in the range 1-200 MeV.,2017,2017,N. Rabhi; D. Batani; G. Boutoux; J.-E. Ducret; K. Jakubowska; I. Lantuejoul-Thfoin; C. Nauraye; A. Patriarca; A. Sa?d; A. Semsoum; L. Serani; B. Thomas; B. Vauzour,Review of Scientific Instruments,10.1063/1.5009472,https://doi.org/10.1063/1.5009472,,verified,A_激光离子诊断直接相关候选,题名聚焦诊断且题名/摘要有激光离子线索；不代表已审核实验场景,,成像板IP/PSL,成像板IP/PSL; 标定/反演/饱和与EMP抗扰,成像板IP/PSL; 标定/反演/饱和与EMP抗扰,成像板IP/PSL; 标定/反演/饱和与EMP抗扰,题名及可用摘要线索,imageplate,previous_224,https://api.crossref.org/works/10.1063%2F1.5009472,否,needs_public_fulltext,,,,https://pubs.aip.org/aip/rsi/article-pdf/doi/10.1063/1.5009472/15840950/113301_1_online.pdf,,专题标签仅为题名/摘要线索，不证明论文实际使用该器件；不同场景配置不得继承,本次未做全文科学审核,2026/10/4
未下载,待寻找公开全文,IONDET-0168,Wur17,Experimental studies with two novel silicon detectors for the development of time-of-flight spectrometry of laser-accelerated proton beams,Experimental studies with two novel silicon detectors for the development of time-of-flight spectrometry of laser-accelerated proton beams,2017,2017,M Würl; S Reinhardt; A Rosenfeld; M Petasecca; M Lerch; L Tran; S Karsch; W Assmann; J Schreiber; K Parodi,Journal of Physics: Conference Series,10.1088/1742-6596/777/1/012018,https://doi.org/10.1088/1742-6596/777/1/012018,,verified,A_激光离子诊断直接相关候选,题名聚焦诊断且题名/摘要有激光离子线索；不代表已审核实验场景,飞行时间TOF/时间分辨,半导体/金刚石/SiC/Si及像素探测,飞行时间TOF/时间分辨; 半导体/金刚石/SiC/Si及像素探测,飞行时间TOF/时间分辨; 半导体/金刚石/SiC/Si及像素探测,飞行时间TOF/时间分辨; 半导体/金刚石/SiC/Si及像素探测,题名及可用摘要线索,gas_laser; semiconductor,previous_224,https://api.crossref.org/works/10.1088%2F1742-6596%2F777%2F1%2F012018,否,needs_public_fulltext,,,,http://stacks.iop.org/1742-6596/777/i=1/a=012018/pdf; http://stacks.iop.org/1742-6596/777/i=1/a=012018/pdf,,专题标签仅为题名/摘要线索，不证明论文实际使用该器件；不同场景配置不得继承；CCD/CMOS光学读出与直接半导体离子探测角色须全文区分,本次未做全文科学审核,2026/10/4
未下载,待寻找公开全文,IONDET-0130,Mil17,Laser-accelerated ion beam diagnostics with TOF detectors for the ELIMED beam line,Laser-accelerated ion beam diagnostics with TOF detectors for the ELIMED beam line,2017,2017,G. Milluzzo; V. Scuderi; A.G. Amico; M. Borghesi; G.A.P. Cirrone; G. Cuttone; M. De Napoli; D. Doria; J. Dostal; G. Larosa; R. Leanza; D. Margarone; G. Petringa; J. Pipek; L. Romagnani; F. Romano; F. Schillaci; A. Velyhan,Journal of Instrumentation,10.1088/1748-0221/12/02/c02025,https://doi.org/10.1088/1748-0221/12/02/c02025,,verified,A_激光离子诊断直接相关候选,题名聚焦诊断且题名/摘要有激光离子线索；不代表已审核实验场景,飞行时间TOF/时间分辨,,飞行时间TOF/时间分辨,飞行时间TOF/时间分辨,,仅题名/明确人工核对说明,tof,previous_224,https://api.crossref.org/works/10.1088%2F1748-0221%2F12%2F02%2Fc02025,否,needs_public_fulltext,,,,http://stacks.iop.org/1748-0221/12/i=02/a=C02025/pdf; http://stacks.iop.org/1748-0221/12/i=02/a=C02025/pdf,,专题标签仅为题名/摘要线索，不证明论文实际使用该器件；不同场景配置不得继承,本次未做全文科学审核,2026/10/4
未下载,先确认文献身份再找全文,IONDET-0213,Tud17,THE DESIGN OF A PROTON SPECTROMETER FOR 60-200 MeV ENERGY RANGE,THE DESIGN OF A PROTON SPECTROMETER FOR 60-200 MeV ENERGY RANGE,2017,2017,,,,,https://www.semanticscholar.org/paper/1066b1b4300eb6604a6ca1e75e241ec69b028b2b,no_publication_doi_pending_identity,A_激光离子诊断直接相关候选,题名聚焦诊断且题名/摘要有激光离子线索；不代表已审核实验场景,汤姆逊抛物线/电磁联合能谱仪,,汤姆逊抛物线/电磁联合能谱仪,,汤姆逊抛物线/电磁联合能谱仪,题名及可用摘要线索,,previous_224,,否,needs_identity_and_fulltext,,,,,,专题标签仅为题名/摘要线索，不证明论文实际使用该器件；不同场景配置不得继承；未确认出版DOI；预印本/报告/会议与正式版关系待核对,本次未做全文科学审核,2026/10/4
未下载,本轮尚未尝试下载,IONDET-0264,Can17,Structure of semiconductor detectors for characterization of ionizing radiation sources,Structure of semiconductor detectors for characterization of ionizing radiation sources,2016,2017,"Cannavò, A.; Torrisi, L.; Calcagno, L.; Sciuto, A.","Unknown Journal, pp. 23-27",10.1285/i9788883051302p23,https://doi.org/10.1285/i9788883051302p23,,verified_datacite,A_激光离子诊断直接相关候选,题名聚焦诊断且题名/摘要有激光离子线索；不代表已审核实验场景,飞行时间TOF/时间分辨,半导体/金刚石/SiC/Si及像素探测,飞行时间TOF/时间分辨; 半导体/金刚石/SiC/Si及像素探测,半导体/金刚石/SiC/Si及像素探测,飞行时间TOF/时间分辨; 半导体/金刚石/SiC/Si及像素探测,题名及可用摘要线索,semiconductor,targeted_search_20261004,https://api.datacite.org/dois/10.1285%2Fi9788883051302p23,否,not_download_attempted_in_this_survey,,,,,,专题标签仅为题名/摘要线索，不证明论文实际使用该器件；不同场景配置不得继承；CCD/CMOS光学读出与直接半导体离子探测角色须全文区分,本次未做全文科学审核,2026/10/4
未下载,本轮尚未尝试下载,IONDET-0386,Rom16,The ELIMED transport and dosimetry beamline for laser-driven ion beams,The ELIMED transport and dosimetry beamline for laser-driven ion beams,2016,2016,F. Romano; F. Schillaci; G.A.P. Cirrone; G. Cuttone; V. Scuderi; L. Allegra; A. Amato; A. Amico; G. Candiano; G. De Luca; G. Gallo; S. Giordanengo; L. Fanola Guarachi; G. Korn; G. Larosa; R. Leanza; R. Manna; V. Marchese; F. Marchetto; D. Margarone; G. Milluzzo; G. Petringa; J. Pipek; S. Pulvirenti; D. Rizzo; R. Sacchi; S. Salamone; M. Sedita; A. Vignati,"Nuclear Instruments and Methods in Physics Research Section A: Accelerators, Spectrometers, Detectors and Associated Equipment",10.1016/j.nima.2016.01.064,https://doi.org/10.1016/j.nima.2016.01.064,,verified_crossref,A_激光离子诊断直接相关候选,题名聚焦诊断且题名/摘要有激光离子线索；不代表已审核实验场景,,,,,,仅题名/明确人工核对说明,review_citations,targeted_search_20261004,https://api.crossref.org/works/10.1016%2Fj.nima.2016.01.064,否,not_download_attempted_in_this_survey,,,,,,专题标签仅为题名/摘要线索，不证明论文实际使用该器件；不同场景配置不得继承,本次未做全文科学审核,2026/10/4
未下载,待寻找公开全文,IONDET-0059,Kan16b,The precise energy spectra measurement of laser-accelerated MeV/n-class high-Z ions and protons using CR-39 detectors,The precise energy spectra measurement of laser-accelerated MeV/n-class high-Z ions and protons using CR-39 detectors,2016,2016,M Kanasaki; S Jinno; H Sakaki; K Kondo; K Oda; T Yamauchi; Y Fukuda,Plasma Physics and Controlled Fusion,10.1088/0741-3335/58/3/034013,https://doi.org/10.1088/0741-3335/58/3/034013,,verified,A_激光离子诊断直接相关候选,题名聚焦诊断且题名/摘要有激光离子线索；不代表已审核实验场景,,CR-39/PADC/PM-355及固体蚀刻径迹,CR-39/PADC/PM-355及固体蚀刻径迹,CR-39/PADC/PM-355及固体蚀刻径迹,,仅题名/明确人工核对说明,,previous_224,https://api.crossref.org/works/10.1088%2F0741-3335%2F58%2F3%2F034013,否,needs_public_fulltext,,,,http://stacks.iop.org/0741-3335/58/i=3/a=034013/pdf; https://iopscience.iop.org/article/10.1088/0741-3335/58/3/034013/pdf; https://iopscience.iop.org/article/10.1088/0741-3335/58/3/034013/pdf; https://iopscience.iop.org/article/10.1088/0741-3335/58/3/034013/pdf,,专题标签仅为题名/摘要线索，不证明论文实际使用该器件；不同场景配置不得继承,本次未做全文科学审核,2026/10/4
未下载,先确认文献身份再找全文,IONDET-0207,Kan16,The precise measurement of laser-accelerated ions using CR-39 detectors,The precise measurement of laser-accelerated ions using CR-39 detectors,2016,2016,,,,,https://www.semanticscholar.org/paper/04ab7f081e4a7074ee59cc295efa7e97572e9edd,no_publication_doi_pending_identity,A_激光离子诊断直接相关候选,题名聚焦诊断且题名/摘要有激光离子线索；不代表已审核实验场景,,CR-39/PADC/PM-355及固体蚀刻径迹,CR-39/PADC/PM-355及固体蚀刻径迹,CR-39/PADC/PM-355及固体蚀刻径迹,,仅题名/明确人工核对说明,,previous_224,,否,needs_identity_and_fulltext,,,,,,专题标签仅为题名/摘要线索，不证明论文实际使用该器件；不同场景配置不得继承；未确认出版DOI；预印本/报告/会议与正式版关系待核对,本次未做全文科学审核,2026/10/4
未下载,本轮尚未尝试下载,IONDET-0233,Bel15,Design of a Thomson parabola spectrometer for the detection of laser-accelerated protons and ions,Design of a Thomson parabola spectrometer for the detection of laser-accelerated protons and ions,2015,2015,P. Bellido; M. Seimetz; R. Lera; A. Ruiz de la Cruz; S. Torres-Peiro; A. J. Gonzalez; F. Sanchez; L. Roso; J. M. Benlloch,2015 IEEE Nuclear Science Symposium and Medical Imaging Conference (NSS/MIC),10.1109/nssmic.2015.7581884,https://doi.org/10.1109/nssmic.2015.7581884,,verified_crossref,A_激光离子诊断直接相关候选,题名聚焦诊断且题名/摘要有激光离子线索；不代表已审核实验场景,汤姆逊抛物线/电磁联合能谱仪,,汤姆逊抛物线/电磁联合能谱仪,汤姆逊抛物线/电磁联合能谱仪,,仅题名/明确人工核对说明,thomson,targeted_search_20261004,https://api.crossref.org/works/10.1109%2Fnssmic.2015.7581884,否,not_download_attempted_in_this_survey,,,,,,专题标签仅为题名/摘要线索，不证明论文实际使用该器件；不同场景配置不得继承,本次未做全文科学审核,2026/10/4
未下载,本轮尚未尝试下载,IONDET-0247,Roj15,Impact of x-ray dose on the response of CR-39 nuclear track detector to 1-5.5 MeV alphas and 0.5-9.1 MeV protons for spectroscopy at the OMEGA Laser Facility and the National Ignition Facility,Impact of x-ray dose on the response of CR-39 nuclear track detector to 1-5.5 MeV alphas and 0.5-9.1 MeV protons for spectroscopy at the OMEGA Laser Facility and the National Ignition Facility,2015,2015,Jimmy Rojas,Unknown Journal,,,https://www.semanticscholar.org/paper/e925806414684f922468d46d7fb1a6bcade05bca,no_publication_doi_pending_identity,A_激光离子诊断直接相关候选,题名聚焦诊断且题名/摘要有激光离子线索；不代表已审核实验场景,,CR-39/PADC/PM-355及固体蚀刻径迹,CR-39/PADC/PM-355及固体蚀刻径迹,CR-39/PADC/PM-355及固体蚀刻径迹,,仅题名/明确人工核对说明,tracks,targeted_search_20261004,,否,not_download_attempted_in_this_survey,,,,,,专题标签仅为题名/摘要线索，不证明论文实际使用该器件；不同场景配置不得继承；未确认出版DOI；预印本/报告/会议与正式版关系待核对,本次未做全文科学审核,2026/10/4
未下载,待寻找公开全文,IONDET-0055,15-Jun,On the analysis of inhomogeneous magnetic field spectrometer for laser-driven ion acceleration,On the analysis of inhomogeneous magnetic field spectrometer for laser-driven ion acceleration.,2015,2015,D. Jung; L. Senje; O. McCormack; L. Yin; B. J. Albright; S. Letzring; D. C. Gautier; B. Dromey; T. Toncian; J. C. Fernandez; M. Zepf; B. M. Hegelich,Review of Scientific Instruments,10.1063/1.4914845,https://doi.org/10.1063/1.4914845,,verified,A_激光离子诊断直接相关候选,题名聚焦诊断且题名/摘要有激光离子线索；不代表已审核实验场景,,,标定/反演/饱和与EMP抗扰,,标定/反演/饱和与EMP抗扰,题名及可用摘要线索,magnetic,previous_224,https://api.crossref.org/works/10.1063%2F1.4914845,否,needs_public_fulltext,,,,https://pubs.aip.org/aip/rsi/article-pdf/doi/10.1063/1.4914845/15818681/033303_1_online.pdf,,专题标签仅为题名/摘要线索，不证明论文实际使用该器件；不同场景配置不得继承,本次未做全文科学审核,2026/10/4
未下载,本轮尚未尝试下载,IONDET-0270,Tor15,SiC detectors for fast diagnostic of high intensity laser-generated plasmas,SiC detectors for fast diagnostic of high intensity laser-generated plasmas,2015,2015,"Torrisi, L.; Cannavò, A.; Calcagno, L.; Torrisi, A.","Unknown Journal, pp. 69-73",10.1285/i9788883051081p69,https://doi.org/10.1285/i9788883051081p69,,verified_datacite,A_激光离子诊断直接相关候选,题名聚焦诊断且题名/摘要有激光离子线索；不代表已审核实验场景,飞行时间TOF/时间分辨,半导体/金刚石/SiC/Si及像素探测,飞行时间TOF/时间分辨; 半导体/金刚石/SiC/Si及像素探测,半导体/金刚石/SiC/Si及像素探测,飞行时间TOF/时间分辨; 半导体/金刚石/SiC/Si及像素探测,题名及可用摘要线索,semiconductor,targeted_search_20261004,https://api.datacite.org/dois/10.1285%2Fi9788883051081p69,否,not_download_attempted_in_this_survey,,,,,,专题标签仅为题名/摘要线索，不证明论文实际使用该器件；不同场景配置不得继承；CCD/CMOS光学读出与直接半导体离子探测角色须全文区分,本次未做全文科学审核,2026/10/4
未下载,本轮尚未尝试下载,IONDET-0288,Cir15,Transport and dosimetric solutions for the ELIMED laser-driven beam line,Transport and dosimetric solutions for the ELIMED laser-driven beam line,2015,2015,G.A.P. Cirrone; F. Romano; V. Scuderi; A. Amato; G. Candiano; G. Cuttone; D. Giove; G. Korn; J. Krasa; R. Leanza; R. Manna; M. Maggiore; V. Marchese; D. Margarone; G. Milluzzo; G. Petringa; M.G. Sabini; F. Schillaci; A. Tramontana; L. Valastro; A. Velyhan,"Nuclear Instruments and Methods in Physics Research Section A: Accelerators, Spectrometers, Detectors and Associated Equipment",10.1016/j.nima.2015.02.019,https://doi.org/10.1016/j.nima.2015.02.019,,verified_crossref,A_激光离子诊断直接相关候选,题名聚焦诊断且题名/摘要有激光离子线索；不代表已审核实验场景,法拉第杯/ICT/电离室及电荷剂量监测,,法拉第杯/ICT/电离室及电荷剂量监测,,法拉第杯/ICT/电离室及电荷剂量监测,题名及可用摘要线索,charge_dose; charge_laser,targeted_search_20261004,https://api.crossref.org/works/10.1016%2Fj.nima.2015.02.019,否,not_download_attempted_in_this_survey,,,,,,专题标签仅为题名/摘要线索，不证明论文实际使用该器件；不同场景配置不得继承,本次未做全文科学审核,2026/10/4
未下载,本轮尚未尝试下载,IONDET-0340,Cir15b,Transport and dosimetry solutions for laser driven beams : the ELIMED beam line,Transport and dosimetry solutions for laser driven beams : the ELIMED beam line,2015,2015,"G. Cirrone, ..., and C. Vaglianisi",Unknown Journal,,,https://www.semanticscholar.org/paper/b56dbef5dc87488de4615f09733867ea9409564d,no_publication_doi_pending_identity,A_激光离子诊断直接相关候选,题名聚焦诊断且题名/摘要有激光离子线索；不代表已审核实验场景,,,,,,题名及可用摘要线索,charge_laser,targeted_search_20261004,,否,not_download_attempted_in_this_survey,,,,,,专题标签仅为题名/摘要线索，不证明论文实际使用该器件；不同场景配置不得继承；未确认出版DOI；预印本/报告/会议与正式版关系待核对,本次未做全文科学审核,2026/10/4
未下载,待寻找公开全文,IONDET-0179,Cir14,A new Thomson Spectrometer for high energy laser-driven beams diagnostic,A new Thomson Spectrometer for high energy laser-driven beams diagnostic,2014,2014,G A P Cirrone; A Tramontana; G Candiano; M Carpinelli; S Cavallaro; M Cutroneo; G Cuttone; C De Martinis; D Giove; J Krása; G Korn; M Maggiore; D Margarone; P Pisciotta; J Prok?pek; F Romano; F Schillaci; V Scuderi; L Torrisi; A Velyhan,Journal of Instrumentation,10.1088/1748-0221/9/08/t08001,https://doi.org/10.1088/1748-0221/9/08/t08001,,verified,A_激光离子诊断直接相关候选,Thomson能谱仪的激光高能束流诊断候选；本次缺可用摘要，性能与场景待全文核对,汤姆逊抛物线/电磁联合能谱仪,,汤姆逊抛物线/电磁联合能谱仪,汤姆逊抛物线/电磁联合能谱仪,,仅题名/明确人工核对说明,,previous_224,https://api.crossref.org/works/10.1088%2F1748-0221%2F9%2F08%2Ft08001,否,needs_public_fulltext,,,,http://stacks.iop.org/1748-0221/9/i=08/a=T08001/pdf; http://stacks.iop.org/1748-0221/9/i=08/a=T08001/pdf,,专题标签仅为题名/摘要线索，不证明论文实际使用该器件；不同场景配置不得继承,本次未做全文科学审核,2026/10/4
未下载,待寻找公开全文,IONDET-0209,Dep14,Coloration quenching of radiochromic films irradiated with proton energies close to maximum energy loss,Coloration quenching of radiochromic films irradiated with proton energies close to maximum energy loss,2014,2014,,,10.15120/gr-2014-1-pni-pp-12,https://doi.org/10.15120/gr-2014-1-pni-pp-12,,verified_datacite,A_激光离子诊断直接相关候选,题名聚焦诊断且题名/摘要有激光离子线索；不代表已审核实验场景,,RCF/放射变色膜,RCF/放射变色膜; 标定/反演/饱和与EMP抗扰,RCF/放射变色膜; 标定/反演/饱和与EMP抗扰,RCF/放射变色膜; 标定/反演/饱和与EMP抗扰,题名及可用摘要线索,rcf,previous_224,https://api.datacite.org/dois/10.15120/gr-2014-1-pni-pp-12,否,needs_public_fulltext,,,,,,专题标签仅为题名/摘要线索，不证明论文实际使用该器件；不同场景配置不得继承,本次未做全文科学审核,2026/10/4
未下载,本轮尚未尝试下载,IONDET-0268,Ass14,Detectors for laser-accelerated ion beams?,Detectors for laser-accelerated ion beams?,2014,2014,"W. Assmann, ..., and K. Parodi",Unknown Journal,,,https://www.semanticscholar.org/paper/07ab9781801fa87a20eafaf4e04ab23115201dfa,no_publication_doi_pending_identity,A_激光离子诊断直接相关候选,题名聚焦诊断且题名/摘要有激光离子线索；不代表已审核实验场景,,闪烁体/闪烁纤维/堆栈与断层; RCF/放射变色膜; CR-39/PADC/PM-355及固体蚀刻径迹; 成像板IP/PSL; 半导体/金刚石/SiC/Si及像素探测,闪烁体/闪烁纤维/堆栈与断层; RCF/放射变色膜; CR-39/PADC/PM-355及固体蚀刻径迹; 成像板IP/PSL; 半导体/金刚石/SiC/Si及像素探测; 标定/反演/饱和与EMP抗扰,,闪烁体/闪烁纤维/堆栈与断层; RCF/放射变色膜; CR-39/PADC/PM-355及固体蚀刻径迹; 成像板IP/PSL; 半导体/金刚石/SiC/Si及像素探测; 标定/反演/饱和与EMP抗扰,题名及可用摘要线索,emulsion_gas_luminescence; semiconductor,targeted_search_20261004,,否,not_download_attempted_in_this_survey,,,,,,专题标签仅为题名/摘要线索，不证明论文实际使用该器件；不同场景配置不得继承；未确认出版DOI；预印本/报告/会议与正式版关系待核对；CCD/CMOS光学读出与直接半导体离子探测角色须全文区分,本次未做全文科学审核,2026/10/4
未下载,待寻找公开全文,IONDET-0079,Pro14,Development and first experimental tests of Faraday cup array,Development and first experimental tests of Faraday cup array.,2014,2014,J. Prok?pek; J. Kaufman; D. Margarone; M. Kr?s; A. Velyhan; J. Krása; T. Burris-Mog; S. Busold; O. Deppert; T. E. Cowan; G. Korn,Review of Scientific Instruments,10.1063/1.4859496,https://doi.org/10.1063/1.4859496,,verified,A_激光离子诊断直接相关候选,题名聚焦诊断且题名/摘要有激光离子线索；不代表已审核实验场景,飞行时间TOF/时间分辨; 法拉第杯/ICT/电离室及电荷剂量监测,,飞行时间TOF/时间分辨; 法拉第杯/ICT/电离室及电荷剂量监测; 标定/反演/饱和与EMP抗扰,法拉第杯/ICT/电离室及电荷剂量监测,飞行时间TOF/时间分辨; 法拉第杯/ICT/电离室及电荷剂量监测; 标定/反演/饱和与EMP抗扰,题名及可用摘要线索,charge_dose,previous_224,https://api.crossref.org/works/10.1063%2F1.4859496,否,needs_public_fulltext,,,,https://pubs.aip.org/aip/rsi/article-pdf/doi/10.1063/1.4859496/14775104/013302_1_online.pdf,,专题标签仅为题名/摘要线索，不证明论文实际使用该器件；不同场景配置不得继承,本次未做全文科学审核,2026/10/4
未下载,待寻找公开全文,IONDET-0151,Ros14,"Empirical assessment of the detection efficiency of CR-39 at high proton fluence and a compact, proton detector for high-fluence applications","Empirical assessment of the detection efficiency of CR-39 at high proton fluence and a compact, proton detector for high-fluence applications.",2014,2014,M. J. Rosenberg; F. H. Séguin; C. J. Waugh; H. G. Rinderknecht; D. Orozco; J. A. Frenje; M. Gatu Johnson; H. Sio; A. B. Zylstra; N. Sinenian; C. K. Li; R. D. Petrasso; V. Yu. Glebov; C. Stoeckl; M. Hohenberger; T. C. Sangster; S. LePape; A. J. Mackinnon; R. M. Bionta; O. L. Landen; R. A. Zacharias; Y. Kim; H. W. Herrmann; J. D. Kilkenny,Review of Scientific Instruments,10.1063/1.4870898,https://doi.org/10.1063/1.4870898,,verified,A_激光离子诊断直接相关候选,题名聚焦诊断且题名/摘要有激光离子线索；不代表已审核实验场景,,CR-39/PADC/PM-355及固体蚀刻径迹,CR-39/PADC/PM-355及固体蚀刻径迹,CR-39/PADC/PM-355及固体蚀刻径迹,CR-39/PADC/PM-355及固体蚀刻径迹,题名及可用摘要线索,,previous_224,https://api.crossref.org/works/10.1063%2F1.4870898,否,needs_public_fulltext,,,,https://pubs.aip.org/aip/rsi/article-pdf/doi/10.1063/1.4870898/15818522/043302_1_online.pdf,,专题标签仅为题名/摘要线索，不证明论文实际使用该器件；不同场景配置不得继承,本次未做全文科学审核,2026/10/4
未下载,本轮尚未尝试下载,IONDET-0265,Cal14,MeV ion beams generated by intense pulsed laser monitored by Silicon Carbide detectors,MeV ion beams generated by intense pulsed laser monitored by Silicon Carbide detectors,2014,2014,L Calcagno; P Musumeci; M Cutroneo; L Torrisi; F La Via; J Ullschmied,Journal of Physics: Conference Series,10.1088/1742-6596/508/1/012009,https://doi.org/10.1088/1742-6596/508/1/012009,,verified_crossref,A_激光离子诊断直接相关候选,题名聚焦诊断且题名/摘要有激光离子线索；不代表已审核实验场景,飞行时间TOF/时间分辨,半导体/金刚石/SiC/Si及像素探测,飞行时间TOF/时间分辨; 半导体/金刚石/SiC/Si及像素探测; 标定/反演/饱和与EMP抗扰,半导体/金刚石/SiC/Si及像素探测,飞行时间TOF/时间分辨; 半导体/金刚石/SiC/Si及像素探测; 标定/反演/饱和与EMP抗扰,题名及可用摘要线索,semiconductor,targeted_search_20261004,https://api.crossref.org/works/10.1088%2F1742-6596%2F508%2F1%2F012009,否,not_download_attempted_in_this_survey,,,,http://stacks.iop.org/1742-6596/508/i=1/a=012009/pdf; http://stacks.iop.org/1742-6596/508/i=1/a=012009/pdf,,专题标签仅为题名/摘要线索，不证明论文实际使用该器件；不同场景配置不得继承；CCD/CMOS光学读出与直接半导体离子探测角色须全文区分,本次未做全文科学审核,2026/10/4
未下载,本轮尚未尝试下载,IONDET-0325,Ols14,Response of dosemeters in the radiation field generated by a TW-class laser system,Response of dosemeters in the radiation field generated by a TW-class laser system.,2014,2014,V. Ol?ovcova; D. Klir; J. Krasa; M. Kr?s; A. Velyhan; Z. Zelenka; B. Rus,Radiation Protection Dosimetry,10.1093/rpd/ncu024,https://doi.org/10.1093/rpd/ncu024,,verified_crossref,A_激光离子诊断直接相关候选,题名聚焦诊断且题名/摘要有激光离子线索；不代表已审核实验场景,,热释光TLD/光释光OSL剂量计,热释光TLD/光释光OSL剂量计,,热释光TLD/光释光OSL剂量计,题名及可用摘要线索,emulsion_gas_luminescence; gas_laser; luminescence_laser,targeted_search_20261004,https://api.crossref.org/works/10.1093%2Frpd%2Fncu024,否,not_download_attempted_in_this_survey,,,,,,专题标签仅为题名/摘要线索，不证明论文实际使用该器件；不同场景配置不得继承,本次未做全文科学审核,2026/10/4
未下载,待寻找公开全文,IONDET-0206,Cut14,Thomson parabola spectrometry of laser generated plasma at PALS laboratory,Thomson parabola spectrometry of laser generated plasma at PALS laboratory,2014,2014,M Cutroneo; L Torrisi; S Cavallaro; L Ando'; A Velyhan,Journal of Physics: Conference Series,10.1088/1742-6596/508/1/012020,https://doi.org/10.1088/1742-6596/508/1/012020,,verified,A_激光离子诊断直接相关候选,题名聚焦诊断且题名/摘要有激光离子线索；不代表已审核实验场景,汤姆逊抛物线/电磁联合能谱仪,,汤姆逊抛物线/电磁联合能谱仪,汤姆逊抛物线/电磁联合能谱仪,汤姆逊抛物线/电磁联合能谱仪,题名及可用摘要线索,,previous_224,https://api.crossref.org/works/10.1088%2F1742-6596%2F508%2F1%2F012020,否,needs_public_fulltext,,,,http://stacks.iop.org/1742-6596/508/i=1/a=012020/pdf; http://stacks.iop.org/1742-6596/508/i=1/a=012020/pdf,,专题标签仅为题名/摘要线索，不证明论文实际使用该器件；不同场景配置不得继承,本次未做全文科学审核,2026/10/4
未下载,待寻找公开全文,IONDET-0159,Kan13,A high energy component of the intense laser-accelerated proton beams detected by stacked CR-39,A high energy component of the intense laser-accelerated proton beams detected by stacked CR-39,2013,2013,Masato Kanasaki; Atsuto Hattori; Hironao Sakaki; Yuji Fukuda; Akifumi Yogo; Satoshi Jinno; Mamiko Nishiuchi; Koichi Ogura; Kiminori Kondo; Keiji Oda; Tomoya Yamauchi,Radiation Measurements,10.1016/j.radmeas.2012.10.009,https://doi.org/10.1016/j.radmeas.2012.10.009,,verified,A_激光离子诊断直接相关候选,题名聚焦诊断且题名/摘要有激光离子线索；不代表已审核实验场景,,CR-39/PADC/PM-355及固体蚀刻径迹,CR-39/PADC/PM-355及固体蚀刻径迹,CR-39/PADC/PM-355及固体蚀刻径迹,,仅题名/明确人工核对说明,,previous_224,https://api.crossref.org/works/10.1016%2Fj.radmeas.2012.10.009,否,needs_public_fulltext,,,,,,专题标签仅为题名/摘要线索，不证明论文实际使用该器件；不同场景配置不得继承,本次未做全文科学审核,2026/10/4
未下载,待寻找公开全文,IONDET-0091,Sak13,Development of a single-shot-imaging thin film for an online Thomson parabola spectrometer,Development of a single-shot-imaging thin film for an online Thomson parabola spectrometer.,2013,2013,H. Sakaki; M. Kanasaki; Y. Fukuda; M. Nishiuchi; T. Hori; A. Yogo; S. Jinno; K. Niita,Review of Scientific Instruments,10.1063/1.4773546,https://doi.org/10.1063/1.4773546,,verified,A_激光离子诊断直接相关候选,题名聚焦诊断且题名/摘要有激光离子线索；不代表已审核实验场景,汤姆逊抛物线/电磁联合能谱仪,闪烁体/闪烁纤维/堆栈与断层; 微通道板MCP及倍增读出,汤姆逊抛物线/电磁联合能谱仪; 闪烁体/闪烁纤维/堆栈与断层; 微通道板MCP及倍增读出,汤姆逊抛物线/电磁联合能谱仪,汤姆逊抛物线/电磁联合能谱仪; 闪烁体/闪烁纤维/堆栈与断层; 微通道板MCP及倍增读出,题名及可用摘要线索,mcp,previous_224,https://api.crossref.org/works/10.1063%2F1.4773546,否,needs_public_fulltext,,,,https://pubs.aip.org/aip/rsi/article-pdf/doi/10.1063/1.4773546/14699581/013301_1_online.pdf,,专题标签仅为题名/摘要线索，不证明论文实际使用该器件；不同场景配置不得继承,本次未做全文科学审核,2026/10/4
未下载,待寻找公开全文,IONDET-0192,Tor13b,Diagnostic of laser-accelerated ion beams for the ELIMED project,Diagnostic of laser-accelerated ion beams for the ELIMED project,2013,2013,L. Torrisi; M. Cutroneo; S. Cavallaro; L. Ando?; L. Calcagno; P. Musumeci,AIP Conference Proceedings,10.1063/1.4816604,https://doi.org/10.1063/1.4816604,,verified,A_激光离子诊断直接相关候选,题名聚焦诊断且题名/摘要有激光离子线索；不代表已审核实验场景,汤姆逊抛物线/电磁联合能谱仪; 飞行时间TOF/时间分辨,,汤姆逊抛物线/电磁联合能谱仪; 飞行时间TOF/时间分辨,,汤姆逊抛物线/电磁联合能谱仪; 飞行时间TOF/时间分辨,题名及可用摘要线索,emulsion_gas_luminescence,previous_224,https://api.crossref.org/works/10.1063%2F1.4816604,否,needs_public_fulltext,,,,,,专题标签仅为题名/摘要线索，不证明论文实际使用该器件；不同场景配置不得继承,本次未做全文科学审核,2026/10/4
未下载,先确认文献身份再找全文,IONDET-0212,Cut13c,Diagnostics of fast plasmas produced by intense laser pulses,Diagnostics of fast plasmas produced by intense laser pulses,2013,2013,,,,,https://www.semanticscholar.org/paper/98ddf315d4957057cbb0fdc6db7b13cb0fdf2722,no_publication_doi_pending_identity,A_激光离子诊断直接相关候选,题名聚焦诊断且题名/摘要有激光离子线索；不代表已审核实验场景,汤姆逊抛物线/电磁联合能谱仪; 飞行时间TOF/时间分辨,微通道板MCP及倍增读出; 半导体/金刚石/SiC/Si及像素探测,汤姆逊抛物线/电磁联合能谱仪; 飞行时间TOF/时间分辨; 微通道板MCP及倍增读出; 半导体/金刚石/SiC/Si及像素探测,,汤姆逊抛物线/电磁联合能谱仪; 飞行时间TOF/时间分辨; 微通道板MCP及倍增读出; 半导体/金刚石/SiC/Si及像素探测,题名及可用摘要线索,,previous_224,,否,needs_identity_and_fulltext,,,,,,专题标签仅为题名/摘要线索，不证明论文实际使用该器件；不同场景配置不得继承；未确认出版DOI；预印本/报告/会议与正式版关系待核对；CCD/CMOS光学读出与直接半导体离子探测角色须全文区分,本次未做全文科学审核,2026/10/4
未下载,待寻找公开全文,IONDET-0139,Bel13,Dosimetric calibration of radiochromic film for laser-accelerated proton beams,Dosimetric calibration of radiochromic film for laser-accelerated proton beams,2013,2013,,2013 IEEE Nuclear Science Symposium and Medical Imaging Conference (2013 NSS/MIC),10.1109/nssmic.2013.6829806,https://doi.org/10.1109/nssmic.2013.6829806,,verified,A_激光离子诊断直接相关候选,题名聚焦诊断且题名/摘要有激光离子线索；不代表已审核实验场景,,RCF/放射变色膜,RCF/放射变色膜; 标定/反演/饱和与EMP抗扰,RCF/放射变色膜; 标定/反演/饱和与EMP抗扰,RCF/放射变色膜; 标定/反演/饱和与EMP抗扰,题名及可用摘要线索,luminescence_laser; rcf; review_references,previous_224,https://api.crossref.org/works/10.1109%2Fnssmic.2013.6829806,否,needs_public_fulltext,,,,,,专题标签仅为题名/摘要线索，不证明论文实际使用该器件；不同场景配置不得继承,本次未做全文科学审核,2026/10/4
未下载,待寻找公开全文,IONDET-0184,Cir13,High-energy resolution Thomson Parabola spectrometer for laser plasma diagnostics,High-energy resolution Thomson Parabola spectrometer for laser plasma diagnostics,2013,2013,G. A. P. Cirrone; M. Carpinelli; G. Cuttone; M. Maggiore; F. Romano; F. Schillaci; S. Ter-Avetisyan; A. Tramontana; A. Velyhan,AIP Conference Proceedings,10.1063/1.4816605,https://doi.org/10.1063/1.4816605,,verified,A_激光离子诊断直接相关候选,题名聚焦诊断且题名/摘要有激光离子线索；不代表已审核实验场景,汤姆逊抛物线/电磁联合能谱仪,,汤姆逊抛物线/电磁联合能谱仪,汤姆逊抛物线/电磁联合能谱仪,汤姆逊抛物线/电磁联合能谱仪,题名及可用摘要线索,,previous_224,https://api.crossref.org/works/10.1063%2F1.4816605,否,needs_public_fulltext,,,,,,专题标签仅为题名/摘要线索，不证明论文实际使用该器件；不同场景配置不得继承,本次未做全文科学审核,2026/10/4
未下载,待寻找公开全文,IONDET-0210,Wu13,Identification of ion products produced from laser acceleration experiments using tracks on CR39,Identification of ion products produced from laser acceleration experiments using tracks on CR39,2013,2013,伍波 Wu Bo; 董克攻 Dong Kegong; 吴玉迟 Wu Yuchi; 朱斌 Zhu Bin; 赵宗清 Zhao Zongqing; 谷渝秋 Gu Yuqiu; 洪伟 Hong Wei,High Power Laser and Particle Beams,10.3788/hplpb20132502.0381,https://doi.org/10.3788/hplpb20132502.0381,,verified,A_激光离子诊断直接相关候选,题名聚焦诊断且题名/摘要有激光离子线索；不代表已审核实验场景,,CR-39/PADC/PM-355及固体蚀刻径迹,CR-39/PADC/PM-355及固体蚀刻径迹,CR-39/PADC/PM-355及固体蚀刻径迹,,仅题名/明确人工核对说明,tracks,previous_224,https://api.crossref.org/works/10.3788%2Fhplpb20132502.0381,否,needs_public_fulltext,,,,,,专题标签仅为题名/摘要线索，不证明论文实际使用该器件；不同场景配置不得继承,本次未做全文科学审核,2026/10/4
未下载,先确认文献身份再找全文,IONDET-0194,Pad13,Improvements in Thomson Parabola studies : a new ImageJ script for spectral energy analysis and measurements using a double Image Plate detector,Improvements in Thomson Parabola studies : a new ImageJ script for spectral energy analysis and measurements using a double Image Plate detector,2013,2013,,,,,https://www.semanticscholar.org/paper/9086212593936e767966ba8e6e3f66ad68daeaa7,no_publication_doi_pending_identity,A_激光离子诊断直接相关候选,题名聚焦诊断且题名/摘要有激光离子线索；不代表已审核实验场景,汤姆逊抛物线/电磁联合能谱仪,成像板IP/PSL,汤姆逊抛物线/电磁联合能谱仪; 成像板IP/PSL,汤姆逊抛物线/电磁联合能谱仪; 成像板IP/PSL,汤姆逊抛物线/电磁联合能谱仪; 成像板IP/PSL,题名及可用摘要线索,imageplate,previous_224,,否,needs_identity_and_fulltext,,,,,,专题标签仅为题名/摘要线索，不证明论文实际使用该器件；不同场景配置不得继承；未确认出版DOI；预印本/报告/会议与正式版关系待核对,本次未做全文科学审核,2026/10/4
未下载,先确认文献身份再找全文,IONDET-0215,Coo13,Investigating the response of scintillators for the detection of laser accelerated protons,Investigating the response of scintillators for the detection of laser accelerated protons,2013,2013,,,,,https://www.semanticscholar.org/paper/fffd3e5d56d72226322873b76d512aecdd6b0119,no_publication_doi_pending_identity,A_激光离子诊断直接相关候选,题名聚焦诊断且题名/摘要有激光离子线索；不代表已审核实验场景,,闪烁体/闪烁纤维/堆栈与断层,闪烁体/闪烁纤维/堆栈与断层,闪烁体/闪烁纤维/堆栈与断层,,仅题名/明确人工核对说明,scintillator,previous_224,,否,needs_identity_and_fulltext,,,,,,专题标签仅为题名/摘要线索，不证明论文实际使用该器件；不同场景配置不得继承；未确认出版DOI；预印本/报告/会议与正式版关系待核对,本次未做全文科学审核,2026/10/4
未下载,先确认文献身份再找全文,IONDET-0197,Cir13b,Measurements with an innovative high energy resolution Thomson Parabola Spectrometer,Measurements with an innovative high energy resolution Thomson Parabola Spectrometer,2013,2013,,,,,https://www.semanticscholar.org/paper/bd6a55d4eb0ad033c454e17bdd2174beeb3ae8e7,no_publication_doi_pending_identity,A_激光离子诊断直接相关候选,题名聚焦诊断且题名/摘要有激光离子线索；不代表已审核实验场景,汤姆逊抛物线/电磁联合能谱仪,,汤姆逊抛物线/电磁联合能谱仪,汤姆逊抛物线/电磁联合能谱仪,汤姆逊抛物线/电磁联合能谱仪,题名及可用摘要线索,charge_laser,previous_224,,否,needs_identity_and_fulltext,,,,,,专题标签仅为题名/摘要线索，不证明论文实际使用该器件；不同场景配置不得继承；未确认出版DOI；预印本/报告/会议与正式版关系待核对,本次未做全文科学审核,2026/10/4
未下载,待寻找公开全文,IONDET-0121,Zhe13,Note: A new angle-resolved proton energy spectrometer,Note: A new angle-resolved proton energy spectrometer.,2013,2013,Y. Zheng; L. N. Su; M. Liu; B. C. Liu; Z. W. Shen; H. T. Fan; Y. T. Li; L. M. Chen; X. Lu; J. L. Ma; W. M. Wang; Z. H. Wang; Z. Y. Wei; J. Zhang,Review of Scientific Instruments,10.1063/1.4820918,https://doi.org/10.1063/1.4820918,,verified,A_激光离子诊断直接相关候选,题名聚焦诊断且题名/摘要有激光离子线索；不代表已审核实验场景,汤姆逊抛物线/电磁联合能谱仪,RCF/放射变色膜; CR-39/PADC/PM-355及固体蚀刻径迹; 成像板IP/PSL,汤姆逊抛物线/电磁联合能谱仪; RCF/放射变色膜; CR-39/PADC/PM-355及固体蚀刻径迹; 成像板IP/PSL,,汤姆逊抛物线/电磁联合能谱仪; RCF/放射变色膜; CR-39/PADC/PM-355及固体蚀刻径迹; 成像板IP/PSL,题名及可用摘要线索,,previous_224,https://api.crossref.org/works/10.1063%2F1.4820918,否,needs_public_fulltext,,,,https://pubs.aip.org/aip/rsi/article-pdf/doi/10.1063/1.4820918/16102890/096103_1_online.pdf,,专题标签仅为题名/摘要线索，不证明论文实际使用该器件；不同场景配置不得继承,本次未做全文科学审核,2026/10/4
未下载,本轮尚未尝试下载,IONDET-0252,Bon13,"Response functions of imaging plates to photons, electrons and 4He particles","Response functions of imaging plates to photons, electrons and 4He particles.",2013,2013,T. Bonnet; M. Comet; D. Denis-Petit; F. Gobet; F. Hannachi; M. Tarisien; M. Versteegen; M. M. Aléonard,Review of Scientific Instruments,10.1063/1.4826084,https://doi.org/10.1063/1.4826084,,verified_crossref,A_激光离子诊断直接相关候选,题名聚焦诊断且题名/摘要有激光离子线索；不代表已审核实验场景,,成像板IP/PSL,成像板IP/PSL; 标定/反演/饱和与EMP抗扰,成像板IP/PSL; 标定/反演/饱和与EMP抗扰,成像板IP/PSL; 标定/反演/饱和与EMP抗扰,题名及可用摘要线索,imageplate,targeted_search_20261004,https://api.crossref.org/works/10.1063%2F1.4826084,否,not_download_attempted_in_this_survey,,,,https://pubs.aip.org/aip/rsi/article-pdf/doi/10.1063/1.4826084/13468668/103510_1_online.pdf,,专题标签仅为题名/摘要线索，不证明论文实际使用该器件；不同场景配置不得继承,本次未做全文科学审核,2026/10/4
未下载,待寻找公开全文,IONDET-0191,Tor13,Thomson parabola spectrometry for gold laser-generated plasmas,Thomson parabola spectrometry for gold laser-generated plasmas,2013,2013,L. Torrisi; M. Cutroneo; L. Andò; J. Ullschmied,Physics of Plasmas,10.1063/1.4793454,https://doi.org/10.1063/1.4793454,,verified,A_激光离子诊断直接相关候选,题名聚焦诊断且题名/摘要有激光离子线索；不代表已审核实验场景,汤姆逊抛物线/电磁联合能谱仪; 飞行时间TOF/时间分辨,,汤姆逊抛物线/电磁联合能谱仪; 飞行时间TOF/时间分辨,汤姆逊抛物线/电磁联合能谱仪,汤姆逊抛物线/电磁联合能谱仪; 飞行时间TOF/时间分辨,题名及可用摘要线索,,previous_224,https://api.crossref.org/works/10.1063%2F1.4793454,否,needs_public_fulltext,,,,https://pubs.aip.org/aip/pop/article-pdf/doi/10.1063/1.4793454/16147278/023106_1_online.pdf,,专题标签仅为题名/摘要线索，不证明论文实际使用该器件；不同场景配置不得继承,本次未做全文科学审核,2026/10/4
未下载,待寻找公开全文,IONDET-0129,Sei13,Time-of-flight detector for the characterisation of laser-accelerated protons,Time-of-flight detector for the characterisation of laser-accelerated protons,2013,2013,,2013 IEEE Nuclear Science Symposium and Medical Imaging Conference (2013 NSS/MIC),10.1109/nssmic.2013.6829804,https://doi.org/10.1109/nssmic.2013.6829804,,verified,A_激光离子诊断直接相关候选,题名聚焦诊断且题名/摘要有激光离子线索；不代表已审核实验场景,飞行时间TOF/时间分辨,闪烁体/闪烁纤维/堆栈与断层,飞行时间TOF/时间分辨; 闪烁体/闪烁纤维/堆栈与断层; 标定/反演/饱和与EMP抗扰,飞行时间TOF/时间分辨,飞行时间TOF/时间分辨; 闪烁体/闪烁纤维/堆栈与断层; 标定/反演/饱和与EMP抗扰,题名及可用摘要线索,review_references; tof,previous_224,https://api.crossref.org/works/10.1109%2Fnssmic.2013.6829804,否,needs_public_fulltext,,,,,,专题标签仅为题名/摘要线索，不证明论文实际使用该器件；不同场景配置不得继承,本次未做全文科学审核,2026/10/4
未下载,本轮尚未尝试下载,IONDET-0273,Rei12,62 TEST OF DIFFERENT PIXEL DETECTORS FOR LASER-DRIVEN ACCELERATED PARTICLE BEAMS,62 TEST OF DIFFERENT PIXEL DETECTORS FOR LASER-DRIVEN ACCELERATED PARTICLE BEAMS,2012,2012,S. Reinhardt; C. Granja; W. Assmann; F. Krejci,Radiotherapy and Oncology,10.1016/s0167-8140(12)70043-9,https://doi.org/10.1016/s0167-8140(12)70043-9,,verified_crossref,A_激光离子诊断直接相关候选,题名前有62等版面残留；像素探测器会议记录需核对与Rei11关系,,半导体/金刚石/SiC/Si及像素探测,半导体/金刚石/SiC/Si及像素探测,半导体/金刚石/SiC/Si及像素探测,,仅题名/明确人工核对说明,semiconductor,targeted_search_20261004,https://api.crossref.org/works/10.1016%2Fs0167-8140%2812%2970043-9,否,not_download_attempted_in_this_survey,,,,,,专题标签仅为题名/摘要线索，不证明论文实际使用该器件；不同场景配置不得继承；CCD/CMOS光学读出与直接半导体离子探测角色须全文区分,本次未做全文科学审核,2026/10/4
未下载,本轮尚未尝试下载,IONDET-0234,Coo12,Comparison of scintillators for single shot imaging of laser accelerated proton beams,Comparison of scintillators for single shot imaging of laser accelerated proton beams,2012,2012,N. Cook,Bulletin of the American Physical Society,,,https://www.semanticscholar.org/paper/6c34bfdc3b5870326a2e5077ec00997cef452d22,no_publication_doi_pending_identity,A_激光离子诊断直接相关候选,题名聚焦诊断且题名/摘要有激光离子线索；不代表已审核实验场景,,闪烁体/闪烁纤维/堆栈与断层,闪烁体/闪烁纤维/堆栈与断层,闪烁体/闪烁纤维/堆栈与断层,,仅题名/明确人工核对说明,scintillator,targeted_search_20261004,,否,not_download_attempted_in_this_survey,,,,,,专题标签仅为题名/摘要线索，不证明论文实际使用该器件；不同场景配置不得继承；未确认出版DOI；预印本/报告/会议与正式版关系待核对,本次未做全文科学审核,2026/10/4
未下载,本轮尚未尝试下载,IONDET-0374,Rei12b,Detection of laser–accelerated protons,Detection of laser–accelerated protons,2012,2012,S. Reinhardt,Unknown Journal,,,https://www.semanticscholar.org/paper/ee6235d5276301b358c63bf2a28ea9cd6f660b84,no_publication_doi_pending_identity,A_激光离子诊断直接相关候选,博士论文；与其中发表文章保留可能重叠关系，不能当独立实验,,,,,,题名及可用摘要线索,review_references,targeted_search_20261004,,否,not_download_attempted_in_this_survey,,,,,,专题标签仅为题名/摘要线索，不证明论文实际使用该器件；不同场景配置不得继承；未确认出版DOI；预印本/报告/会议与正式版关系待核对,本次未做全文科学审核,2026/10/4
未下载,本轮尚未尝试下载,IONDET-0237,Xu12,Experimental studies of the characteristics of a real-time ion detector-plastic scintillator,Experimental studies of the characteristics of a real-time ion detector-plastic scintillator,2012,2012,"Xu Miao-Hua; Li Hong-Wei; Liu Feng; Liu Bi-Cheng; Du Fei; Zhang Lu; Su Lu-Ning; Li Ying-Jun; Li Yu-Tong; Chen Jia-Er; Zhang Jie; Department of Physics, China University of Mining and Technology (Beijing), Beijing 100083, China;; Beijing National Laboratory for Condensed Matter Physics, Institute of Physics, Chinese Academy of Sciences, Beijing 100080, China;; State Key Laboratory of Nuclear Physics and Technology, Peking University, Beijing 100871, China;; Department of Physics, Shanghai Jiao Tong University, Shanghai 200240, China",Acta Physica Sinica,10.7498/aps.61.105202,https://doi.org/10.7498/aps.61.105202,,verified_crossref,A_激光离子诊断直接相关候选,题名聚焦诊断且题名/摘要有激光离子线索；不代表已审核实验场景,,闪烁体/闪烁纤维/堆栈与断层,闪烁体/闪烁纤维/堆栈与断层; 标定/反演/饱和与EMP抗扰,闪烁体/闪烁纤维/堆栈与断层,闪烁体/闪烁纤维/堆栈与断层; 标定/反演/饱和与EMP抗扰,题名及可用摘要线索,scintillator,targeted_search_20261004,https://api.crossref.org/works/10.7498%2Faps.61.105202,否,not_download_attempted_in_this_survey,,,,,,专题标签仅为题名/摘要线索，不证明论文实际使用该器件；不同场景配置不得继承,本次未做全文科学审核,2026/10/4
未下载,本轮尚未尝试下载,IONDET-0271,12-Mar,nalysis of laser-generated plasma ionizing radiation by synthetic single crystal iamond detectors,nalysis of laser-generated plasma ionizing radiation by synthetic single crystal iamond detectors,2012,2012,".. Marinelli, ..., and E. Krouskyc",Unknown Journal,,,https://www.semanticscholar.org/paper/f31d26ad289ce4fbe53599e649180e51ed341660,no_publication_doi_pending_identity,A_激光离子诊断直接相关候选,题名聚焦诊断且题名/摘要有激光离子线索；不代表已审核实验场景,,半导体/金刚石/SiC/Si及像素探测,半导体/金刚石/SiC/Si及像素探测,,半导体/金刚石/SiC/Si及像素探测,题名及可用摘要线索,emulsion_gas_luminescence; semiconductor,targeted_search_20261004,,否,not_download_attempted_in_this_survey,,,,,,专题标签仅为题名/摘要线索，不证明论文实际使用该器件；不同场景配置不得继承；未确认出版DOI；预印本/报告/会议与正式版关系待核对；CCD/CMOS光学读出与直接半导体离子探测角色须全文区分,本次未做全文科学审核,2026/10/4
未下载,本轮尚未尝试下载,IONDET-0346,Ric11,A dosimetric system for quantitative cell irradiation experiments with laser-accelerated protons,A dosimetric system for quantitative cell irradiation experiments with laser-accelerated protons,2011,2011,C Richter; L Karsch; Y Dammene; S D Kraft; J Metzkes; U Schramm; M Schürer; M Sobiella; A Weber; K Zeil; J Pawelke,Physics in Medicine and Biology,10.1088/0031-9155/56/6/002,https://doi.org/10.1088/0031-9155/56/6/002,,verified_crossref,A_激光离子诊断直接相关候选,题名聚焦诊断且题名/摘要有激光离子线索；不代表已审核实验场景,,,,,,仅题名/明确人工核对说明,calorimeter_laser,targeted_search_20261004,https://api.crossref.org/works/10.1088%2F0031-9155%2F56%2F6%2F002,否,not_download_attempted_in_this_survey,,,,,,专题标签仅为题名/摘要线索，不证明论文实际使用该器件；不同场景配置不得继承,本次未做全文科学审核,2026/10/4
未下载,本轮尚未尝试下载,IONDET-0229,Xu11b,A novel online ion spectrometer for efficient detection of laser-accelerated ions,A novel online ion spectrometer for efficient detection of laser-accelerated ions,2011,2011,Miaohua Xu; Hongwei Li; Feng Liu; Bicheng Liu; Yutong Li,Proceedings of 2011 International Conference on Electronics and Optoelectronics,10.1109/iceoe.2011.6013236,https://doi.org/10.1109/iceoe.2011.6013236,,verified_crossref,A_激光离子诊断直接相关候选,题名聚焦诊断且题名/摘要有激光离子线索；不代表已审核实验场景,,,,,,仅题名/明确人工核对说明,magnetic,targeted_search_20261004,https://api.crossref.org/works/10.1109%2Ficeoe.2011.6013236,否,not_download_attempted_in_this_survey,,,,,,专题标签仅为题名/摘要线索，不证明论文实际使用该器件；不同场景配置不得继承,本次未做全文科学审核,2026/10/4
未下载,待寻找公开全文,IONDET-0177,Pau11,CR39 imaging technique for quick track analysis of particles generated in high-intensity laser target interactions,CR39 imaging technique for quick track analysis of particles generated in high-intensity laser target interactions,2011,2011,Y Paudel; J Frenje; A Merwin; N Renard-Le Galloudec,Journal of Instrumentation,10.1088/1748-0221/6/08/t08004,https://doi.org/10.1088/1748-0221/6/08/t08004,,verified,A_激光离子诊断直接相关候选,题名聚焦诊断且题名/摘要有激光离子线索；不代表已审核实验场景,,CR-39/PADC/PM-355及固体蚀刻径迹,CR-39/PADC/PM-355及固体蚀刻径迹,CR-39/PADC/PM-355及固体蚀刻径迹,CR-39/PADC/PM-355及固体蚀刻径迹,题名及可用摘要线索,,previous_224,https://api.crossref.org/works/10.1088%2F1748-0221%2F6%2F08%2Ft08004,否,needs_public_fulltext,,,,,,专题标签仅为题名/摘要线索，不证明论文实际使用该器件；不同场景配置不得继承,本次未做全文科学审核,2026/10/4
未下载,待寻找公开全文,IONDET-0010,Fre11,"Calibration of a Thomson parabola ion spectrometer and Fujifilm imaging plate detectors for protons, deuterons, and alpha particles","Calibration of a Thomson parabola ion spectrometer and Fujifilm imaging plate detectors for protons, deuterons, and alpha particles.",2011,2011,C. G. Freeman; G. Fiksel; C. Stoeckl; N. Sinenian; M. J. Canfield; G. B. Graeper; A. T. Lombardo; C. R. Stillman; S. J. Padalino; C. Mileham; T. C. Sangster; J. A. Frenje,Review of Scientific Instruments,10.1063/1.3606446,https://doi.org/10.1063/1.3606446,,verified,A_激光离子诊断直接相关候选,题名聚焦诊断且题名/摘要有激光离子线索；不代表已审核实验场景,汤姆逊抛物线/电磁联合能谱仪,成像板IP/PSL,汤姆逊抛物线/电磁联合能谱仪; 成像板IP/PSL; 标定/反演/饱和与EMP抗扰,汤姆逊抛物线/电磁联合能谱仪; 成像板IP/PSL; 标定/反演/饱和与EMP抗扰,汤姆逊抛物线/电磁联合能谱仪; 成像板IP/PSL; 标定/反演/饱和与EMP抗扰,题名及可用摘要线索,imageplate; mcp; thomson,previous_224,https://api.crossref.org/works/10.1063%2F1.3606446,否,needs_public_fulltext,,,,https://pubs.aip.org/aip/rsi/article-pdf/doi/10.1063/1.3606446/16006727/073301_1_online.pdf,,专题标签仅为题名/摘要线索，不证明论文实际使用该器件；不同场景配置不得继承,本次未做全文科学审核,2026/10/4
未下载,先确认文献身份再找全文,IONDET-0175,Gre11b,Characterisation of plastic scintillators for detection of laser-accelerated protons,Characterisation of plastic scintillators for detection of laser-accelerated protons,2011,2011,,,,,https://www.semanticscholar.org/paper/34575feee24556211f796810315061120520dc58,no_publication_doi_pending_identity,A_激光离子诊断直接相关候选,题名聚焦诊断且题名/摘要有激光离子线索；不代表已审核实验场景,,闪烁体/闪烁纤维/堆栈与断层; RCF/放射变色膜,闪烁体/闪烁纤维/堆栈与断层; RCF/放射变色膜; 标定/反演/饱和与EMP抗扰,闪烁体/闪烁纤维/堆栈与断层,RCF/放射变色膜; 标定/反演/饱和与EMP抗扰,题名及可用摘要线索,,previous_224,,否,needs_identity_and_fulltext,,,,,,专题标签仅为题名/摘要线索，不证明论文实际使用该器件；不同场景配置不得继承；未确认出版DOI；预印本/报告/会议与正式版关系待核对,本次未做全文科学审核,2026/10/4
未下载,待寻找公开全文,IONDET-0169,Xu11,Development of a Real-Time Ion Spectrometer with a Scintillator for Laser-Driven Ion Acceleration Experiments,Development of a Real-Time Ion Spectrometer with a Scintillator for Laser-Driven Ion Acceleration Experiments,2011,2011,Miao-Hua Xu; Hong-Wei Li; Bi-Cheng Liu; Feng Liu; Lu-Ning Su; Fei Du; Lu Zhang; Yi Zheng; Jing-Long Ma; David Neely; Paul McKenna; Zhao-Hua Wang; Zhi-Yi Wei; Xue-Qing Yan; Yu-Tong Li; Ying-Jun Li; Jie Zhang,Chinese Physics Letters,10.1088/0256-307x/28/9/095203,https://doi.org/10.1088/0256-307x/28/9/095203,,verified,A_激光离子诊断直接相关候选,题名聚焦诊断且题名/摘要有激光离子线索；不代表已审核实验场景,,闪烁体/闪烁纤维/堆栈与断层,闪烁体/闪烁纤维/堆栈与断层,闪烁体/闪烁纤维/堆栈与断层,,仅题名/明确人工核对说明,scintillator,previous_224,https://api.crossref.org/works/10.1088%2F0256-307x%2F28%2F9%2F095203,否,needs_public_fulltext,,,,,,专题标签仅为题名/摘要线索，不证明论文实际使用该器件；不同场景配置不得继承,本次未做全文科学审核,2026/10/4
未下载,本轮尚未尝试下载,IONDET-0392,WEB_Fiorini2011,Dosimetry and spectral analysis of a radiobiological experiment using laser-driven proton beams,Dosimetry and spectral analysis of a radiobiological experiment using laser-driven proton beams,2011,2011,F Fiorini; D Kirby; M Borghesi; D Doria; J C G Jeynes; K F Kakolee; S Kar; S K Litt; K J Kirkby; M J Merchant; S Green,Physics in Medicine and Biology,10.1088/0031-9155/56/21/013,https://doi.org/10.1088/0031-9155/56/21/013,,verified_crossref,A_激光离子诊断直接相关候选,激光驱动质子放射生物实验的剂量学与能谱分析；方法配置需全文核对,,,,,,仅题名/明确人工核对说明,web_dosimetry_review_references,primary_review_reference_check,https://www.frontiersin.org/journals/physics/articles/10.3389/fphy.2021.624963/full,否,not_download_attempted_in_this_survey,,,,,,专题标签仅为题名/摘要线索，不证明论文实际使用该器件；不同场景配置不得继承,本次未做全文科学审核,2026/10/4
未下载,本轮尚未尝试下载,IONDET-0327,Kir11b,Radiation dosimetry of conventional and laser-driven particle beams,Radiation dosimetry of conventional and laser-driven particle beams,2011,2011,Daniel Kirby,Unknown Journal,,,https://www.semanticscholar.org/paper/b9de1de68f49d78a29660a602e5de9591767f595,no_publication_doi_pending_identity,A_激光离子诊断直接相关候选,题名聚焦诊断且题名/摘要有激光离子线索；不代表已审核实验场景,法拉第杯/ICT/电离室及电荷剂量监测,RCF/放射变色膜,RCF/放射变色膜; 法拉第杯/ICT/电离室及电荷剂量监测,,RCF/放射变色膜; 法拉第杯/ICT/电离室及电荷剂量监测,题名及可用摘要线索,calorimeter_laser; emulsion_gas_luminescence,targeted_search_20261004,,否,not_download_attempted_in_this_survey,,,,,,专题标签仅为题名/摘要线索，不证明论文实际使用该器件；不同场景配置不得继承；未确认出版DOI；预印本/报告/会议与正式版关系待核对,本次未做全文科学审核,2026/10/4
未下载,待寻找公开全文,IONDET-0084,Car10b,A modified Thomson parabola spectrometer for high resolution multi-MeV ion measurements—Application to laser-driven ion acceleration,A modified Thomson parabola spectrometer for high resolution multi-MeV ion measurements—Application to laser-driven ion acceleration,2010,2010,D.C. Carroll; P. Brummitt; D. Neely; F. Lindau; O. Lundh; C.-G. Wahlstr?m; P. McKenna,"Nuclear Instruments and Methods in Physics Research Section A: Accelerators, Spectrometers, Detectors and Associated Equipment",10.1016/j.nima.2010.01.054,https://doi.org/10.1016/j.nima.2010.01.054,,verified,A_激光离子诊断直接相关候选,题名聚焦诊断且题名/摘要有激光离子线索；不代表已审核实验场景,汤姆逊抛物线/电磁联合能谱仪,,汤姆逊抛物线/电磁联合能谱仪,汤姆逊抛物线/电磁联合能谱仪,,仅题名/明确人工核对说明,review_references; thomson,previous_224,https://api.crossref.org/works/10.1016%2Fj.nima.2010.01.054,否,needs_public_fulltext,,,,,,专题标签仅为题名/摘要线索，不证明论文实际使用该器件；不同场景配置不得继承,本次未做全文科学审核,2026/10/4
未下载,待寻找公开全文,IONDET-0186,Ryc10,Application of a single-crystal CVD diamond detector for simultaneous measurement of ions and X-rays from laser plasmas,Application of a single-crystal CVD diamond detector for simultaneous measurement of ions and X-rays from laser plasmas,2010,2010,L. Ry?; J. Krása; T. Nowak; J. Kravarik; D. Klir; E. Krousky; A. Lorusso; D. Margarone; V. Nassisi; M. Pfeifer; J. Skála; J. Ullschmied; A. Velyhan,Radiation Effects and Defects in Solids,10.1080/10420151003718808,https://doi.org/10.1080/10420151003718808,,verified,A_激光离子诊断直接相关候选,题名聚焦诊断且题名/摘要有激光离子线索；不代表已审核实验场景,,半导体/金刚石/SiC/Si及像素探测,半导体/金刚石/SiC/Si及像素探测,半导体/金刚石/SiC/Si及像素探测,,仅题名/明确人工核对说明,,previous_224,https://api.crossref.org/works/10.1080%2F10420151003718808,否,needs_public_fulltext,,,,,,专题标签仅为题名/摘要线索，不证明论文实际使用该器件；不同场景配置不得继承；CCD/CMOS光学读出与直接半导体离子探测角色须全文区分,本次未做全文科学审核,2026/10/4
未下载,待寻找公开全文,IONDET-0108,10-Mar,Measurements of the highest acceleration gradient for ions produced with a long laser pulse,Measurements of the highest acceleration gradient for ions produced with a long laser pulse.,2010,2010,D. Margarone; J. Krasa; L. Laska; A. Velyhan; T. Mocek; J. Prokupek; E. Krousky; M. Pfeifer; S. Gammino; L. Torrisi; J. Ullschmied; B. Rus,Review of Scientific Instruments,10.1063/1.3265315,https://doi.org/10.1063/1.3265315,,verified,A_激光离子诊断直接相关候选,题名聚焦诊断且题名/摘要有激光离子线索；不代表已审核实验场景,静电能量分析器/阻滞场与离子探针; 飞行时间TOF/时间分辨; 法拉第杯/ICT/电离室及电荷剂量监测,,静电能量分析器/阻滞场与离子探针; 飞行时间TOF/时间分辨; 法拉第杯/ICT/电离室及电荷剂量监测; 标定/反演/饱和与EMP抗扰,,静电能量分析器/阻滞场与离子探针; 飞行时间TOF/时间分辨; 法拉第杯/ICT/电离室及电荷剂量监测; 标定/反演/饱和与EMP抗扰,题名及可用摘要线索,,previous_224,https://api.crossref.org/works/10.1063%2F1.3265315,否,needs_public_fulltext,,,,https://pubs.aip.org/aip/rsi/article-pdf/doi/10.1063/1.3265315/13932820/02a506_1_online.pdf,,专题标签仅为题名/摘要线索，不证明论文实际使用该器件；不同场景配置不得继承,本次未做全文科学审核,2026/10/4
未下载,本轮尚未尝试下载,IONDET-0315,Fio10,Nuclear activation as a current detector for ion beams produced by a high intensity laser,Nuclear activation as a current detector for ion beams produced by a high intensity laser,2010,2010,F. Fiorini; D. Kirby; S. Green; D.J. Parker,Radiation Measurements,10.1016/j.radmeas.2010.06.018,https://doi.org/10.1016/j.radmeas.2010.06.018,,verified_crossref,A_激光离子诊断直接相关候选,题名聚焦诊断且题名/摘要有激光离子线索；不代表已审核实验场景,核活化/核反应间接离子诊断,,核活化/核反应间接离子诊断,核活化/核反应间接离子诊断,,仅题名/明确人工核对说明,activation_calorimetry,targeted_search_20261004,https://api.crossref.org/works/10.1016%2Fj.radmeas.2010.06.018,否,not_download_attempted_in_this_survey,,,,,,专题标签仅为题名/摘要线索，不证明论文实际使用该器件；不同场景配置不得继承,本次未做全文科学审核,2026/10/4
未下载,待寻找公开全文,IONDET-0034,Cho09b,Absolute calibration of a time-of-flight spectrometer and imaging plate for the characterization of laser-accelerated protons,Absolute calibration of a time-of-flight spectrometer and imaging plate for the characterization of laser-accelerated protons,2009,2009,I W Choi; C M Kim; J H Sung; I J Kim; T J Yu; S K Lee; Y-Y Jin; K H Pae; N Hafz; J Lee,Measurement Science and Technology,10.1088/0957-0233/20/11/115112,https://doi.org/10.1088/0957-0233/20/11/115112,,verified,A_激光离子诊断直接相关候选,题名聚焦诊断且题名/摘要有激光离子线索；不代表已审核实验场景,飞行时间TOF/时间分辨,成像板IP/PSL,飞行时间TOF/时间分辨; 成像板IP/PSL; 标定/反演/饱和与EMP抗扰,飞行时间TOF/时间分辨; 成像板IP/PSL; 标定/反演/饱和与EMP抗扰,,仅题名/明确人工核对说明,,previous_224,https://api.crossref.org/works/10.1088%2F0957-0233%2F20%2F11%2F115112,否,needs_public_fulltext,,,,,,专题标签仅为题名/摘要线索，不证明论文实际使用该器件；不同场景配置不得继承,本次未做全文科学审核,2026/10/4
未下载,待寻找公开全文,IONDET-0143,Szy09,Application of solid-state nuclear track detectors of the CR-39/PM-355 type for measurements of energetic protons emitted from plasma produced by an ultra-intense laser,Application of solid-state nuclear track detectors of the CR-39/PM-355 type for measurements of energetic protons emitted from plasma produced by an ultra-intense laser,2009,2009,A. Szydlowski; J. Badziak; J. Fuchs; M. Kubkowska; P. Parys; M. Rosinski; R. Suchanska; J. Wolowski; P. Antici; A. Mancic,Radiation Measurements,10.1016/j.radmeas.2009.08.008,https://doi.org/10.1016/j.radmeas.2009.08.008,,verified,A_激光离子诊断直接相关候选,题名聚焦诊断且题名/摘要有激光离子线索；不代表已审核实验场景,,CR-39/PADC/PM-355及固体蚀刻径迹,CR-39/PADC/PM-355及固体蚀刻径迹,CR-39/PADC/PM-355及固体蚀刻径迹,,仅题名/明确人工核对说明,,previous_224,https://api.crossref.org/works/10.1016%2Fj.radmeas.2009.08.008,否,needs_public_fulltext,,,,,,专题标签仅为题名/摘要线索，不证明论文实际使用该器件；不同场景配置不得继承,本次未做全文科学审核,2026/10/4
未下载,先确认文献身份再找全文,IONDET-0131,Pla09,Characterization of laser induced proton beams with radiochromic films: comparison between optical densitometry and nuclear activation analyses.,Characterization of laser induced proton beams with radiochromic films: comparison between optical densitometry and nuclear activation analyses.,2009,2009,,,,,https://www.semanticscholar.org/paper/61bae1e69a7f650ece243498fd4d687801b3c202,no_publication_doi_pending_identity,A_激光离子诊断直接相关候选,题名聚焦诊断且题名/摘要有激光离子线索；不代表已审核实验场景,核活化/核反应间接离子诊断,RCF/放射变色膜,RCF/放射变色膜; 核活化/核反应间接离子诊断; 标定/反演/饱和与EMP抗扰,RCF/放射变色膜; 核活化/核反应间接离子诊断,RCF/放射变色膜; 核活化/核反应间接离子诊断; 标定/反演/饱和与EMP抗扰,题名及可用摘要线索,activation_calorimetry; rcf,previous_224,,否,needs_identity_and_fulltext,,,,,,专题标签仅为题名/摘要线索，不证明论文实际使用该器件；不同场景配置不得继承；未确认出版DOI；预印本/报告/会议与正式版关系待核对,本次未做全文科学审核,2026/10/4
未下载,待寻找公开全文,IONDET-0202,Ter09,Complementary ion and extreme ultra-violet spectrometer for laser-plasma diagnosis,Complementary ion and extreme ultra-violet spectrometer for laser-plasma diagnosis.,2009,2009,S. Ter-Avetisyan; B. Ramakrishna; D. Doria; G. Sarri; M. Zepf; M. Borghesi; L. Ehrentraut; H. Stiel; S. Steinke; G. Priebe; M. Schnürer; P. V. Nickles; W. Sandner,Review of Scientific Instruments,10.1063/1.3239403,https://doi.org/10.1063/1.3239403,,verified,A_激光离子诊断直接相关候选,题名聚焦诊断且题名/摘要有激光离子线索；不代表已审核实验场景,,微通道板MCP及倍增读出,微通道板MCP及倍增读出,,微通道板MCP及倍增读出,题名及可用摘要线索,review_references,previous_224,https://api.crossref.org/works/10.1063%2F1.3239403,否,needs_public_fulltext,,,,https://pubs.aip.org/aip/rsi/article-pdf/doi/10.1063/1.3239403/14002849/103302_1_online.pdf,,专题标签仅为题名/摘要线索，不证明论文实际使用该器件；不同场景配置不得继承,本次未做全文科学审核,2026/10/4
未下载,待寻找公开全文,IONDET-0033,Cho09,Ion spectrometer composed of time-of-flight and Thomson parabola spectrometers for simultaneous characterization of laser-driven ions,Ion spectrometer composed of time-of-flight and Thomson parabola spectrometers for simultaneous characterization of laser-driven ions.,2009,2009,I. W. Choi; C. M. Kim; J. H. Sung; T. J. Yu; S. K. Lee; I. J. Kim; Y.-Y. Jin; T. M. Jeong; N. Hafz; K. H. Pae; Y.-C. Noh; D.-K. Ko; A. Yogo; A. S. Pirozhkov; K. Ogura; S. Orimo; A. Sagisaka; M. Nishiuchi; I. Daito; Y. Oishi; Y. Iwashita; S. Nakamura; K. Nemoto; A. Noda; H. Daido; J. Lee,Review of Scientific Instruments,10.1063/1.3131628,https://doi.org/10.1063/1.3131628,,verified,A_激光离子诊断直接相关候选,题名聚焦诊断且题名/摘要有激光离子线索；不代表已审核实验场景,汤姆逊抛物线/电磁联合能谱仪; 飞行时间TOF/时间分辨,成像板IP/PSL; 微通道板MCP及倍增读出,汤姆逊抛物线/电磁联合能谱仪; 飞行时间TOF/时间分辨; 成像板IP/PSL; 微通道板MCP及倍增读出,汤姆逊抛物线/电磁联合能谱仪; 飞行时间TOF/时间分辨,汤姆逊抛物线/电磁联合能谱仪; 飞行时间TOF/时间分辨; 成像板IP/PSL; 微通道板MCP及倍增读出,题名及可用摘要线索,electrostatic_laser; magnetic; review_references; thomson,previous_224,https://api.crossref.org/works/10.1063%2F1.3131628,否,needs_public_fulltext,,,,https://pubs.aip.org/aip/rsi/article-pdf/doi/10.1063/1.3131628/14846522/053302_1_online.pdf,,专题标签仅为题名/摘要线索，不证明论文实际使用该器件；不同场景配置不得继承,本次未做全文科学审核,2026/10/4
未下载,本轮尚未尝试下载,IONDET-0259,Gre09,Multi-channel system for imaging laser accelerated proton beams,Multi-channel system for imaging laser accelerated proton beams,2009,2009,"J. Green, ..., and J. Schreiber",Unknown Journal,,,https://www.semanticscholar.org/paper/218a2d40ccedc4244752fc56a8794c6abe50f343,no_publication_doi_pending_identity,A_激光离子诊断直接相关候选,题名聚焦诊断且题名/摘要有激光离子线索；不代表已审核实验场景,,,,,,题名及可用摘要线索,mcp,targeted_search_20261004,,否,not_download_attempted_in_this_survey,,,,,,专题标签仅为题名/摘要线索，不证明论文实际使用该器件；不同场景配置不得继承；未确认出版DOI；预印本/报告/会议与正式版关系待核对,本次未做全文科学审核,2026/10/4
未下载,待寻找公开全文,IONDET-0142,Tor09b,Single crystal silicon carbide detector of emitted ions and soft x rays from power laser-generated plasmas,Single crystal silicon carbide detector of emitted ions and soft x rays from power laser-generated plasmas,2009,2009,L. Torrisi; G. Foti; L. Giuffrida; D. Puglisi; J. Wolowski; J. Badziak; P. Parys; M. Rosinski; D. Margarone; J. Krasa; A. Velyhan; U. Ullschmied,Journal of Applied Physics,10.1063/1.3153160,https://doi.org/10.1063/1.3153160,,verified,A_激光离子诊断直接相关候选,题名聚焦诊断且题名/摘要有激光离子线索；不代表已审核实验场景,静电能量分析器/阻滞场与离子探针; 飞行时间TOF/时间分辨; 法拉第杯/ICT/电离室及电荷剂量监测,半导体/金刚石/SiC/Si及像素探测,静电能量分析器/阻滞场与离子探针; 飞行时间TOF/时间分辨; 半导体/金刚石/SiC/Si及像素探测; 法拉第杯/ICT/电离室及电荷剂量监测,半导体/金刚石/SiC/Si及像素探测,静电能量分析器/阻滞场与离子探针; 飞行时间TOF/时间分辨; 半导体/金刚石/SiC/Si及像素探测; 法拉第杯/ICT/电离室及电荷剂量监测,题名及可用摘要线索,,previous_224,https://api.crossref.org/works/10.1063%2F1.3153160,否,needs_public_fulltext,,,,https://pubs.aip.org/aip/jap/article-pdf/doi/10.1063/1.3153160/13908014/123304_1_online.pdf,,专题标签仅为题名/摘要线索，不证明论文实际使用该器件；不同场景配置不得继承；CCD/CMOS光学读出与直接半导体离子探测角色须全文区分,本次未做全文科学审核,2026/10/4
未下载,本轮尚未尝试下载,IONDET-0245,Mal08,Calibration and applications of modern track detectors CR-39/PM-355 in nuclear physics and high temperature plasma experiments,Calibration and applications of modern track detectors CR-39/PM-355 in nuclear physics and high temperature plasma experiments,2008,2008,"A. Malinowska, ..., and J. ?ebrowski",Nukleonika,,,https://www.semanticscholar.org/paper/b5a8d632e7a9621c35fedda33055705c6a66eac8,no_publication_doi_pending_identity,A_激光离子诊断直接相关候选,题名聚焦诊断且题名/摘要有激光离子线索；不代表已审核实验场景,,CR-39/PADC/PM-355及固体蚀刻径迹,CR-39/PADC/PM-355及固体蚀刻径迹; 标定/反演/饱和与EMP抗扰,CR-39/PADC/PM-355及固体蚀刻径迹; 标定/反演/饱和与EMP抗扰,CR-39/PADC/PM-355及固体蚀刻径迹; 标定/反演/饱和与EMP抗扰,题名及可用摘要线索,tracks,targeted_search_20261004,,否,not_download_attempted_in_this_survey,,,,,,专题标签仅为题名/摘要线索，不证明论文实际使用该器件；不同场景配置不得继承；未确认出版DOI；预印本/报告/会议与正式版关系待核对,本次未做全文科学审核,2026/10/4
未下载,待寻找公开全文,IONDET-0116,Cow08,Characterization of radiochromic film scanning techniques used in short-pulse-laser ion acceleration,Characterization of radiochromic film scanning techniques used in short-pulse-laser ion acceleration.,2008,2008,Joseph S. Cowan; Kirk A. Flippo; Sandrine A. Gaillard,Review of Scientific Instruments,10.1063/1.2971974,https://doi.org/10.1063/1.2971974,,verified,A_激光离子诊断直接相关候选,题名聚焦诊断且题名/摘要有激光离子线索；不代表已审核实验场景,,RCF/放射变色膜,RCF/放射变色膜,RCF/放射变色膜,RCF/放射变色膜,题名及可用摘要线索,rcf; review_references,previous_224,https://api.crossref.org/works/10.1063%2F1.2971974,否,needs_public_fulltext,,,,https://pubs.aip.org/aip/rsi/article-pdf/doi/10.1063/1.2971974/15725885/10e535_1_online.pdf,,专题标签仅为题名/摘要线索，不证明论文实际使用该器件；不同场景配置不得继承,本次未做全文科学审核,2026/10/4
未下载,本轮尚未尝试下载,IONDET-0246,Cav08,Detection of energetic ions emitted from laser-produced plasma by means of CR39 solid state nuclear track detectors,Detection of energetic ions emitted from laser-produced plasma by means of CR39 solid state nuclear track detectors,2008,2008,S. Cavallaro; D. Margarone; L. Torrisi; L. Laska; J. Krasa; J. Ullschmied,Radiation Effects and Defects in Solids,10.1080/10420150701777728,https://doi.org/10.1080/10420150701777728,,verified_crossref,A_激光离子诊断直接相关候选,题名聚焦诊断且题名/摘要有激光离子线索；不代表已审核实验场景,,CR-39/PADC/PM-355及固体蚀刻径迹,CR-39/PADC/PM-355及固体蚀刻径迹,CR-39/PADC/PM-355及固体蚀刻径迹,,仅题名/明确人工核对说明,tracks,targeted_search_20261004,https://api.crossref.org/works/10.1080%2F10420150701777728,否,not_download_attempted_in_this_survey,,,,,,专题标签仅为题名/摘要线索，不证明论文实际使用该器件；不同场景配置不得继承,本次未做全文科学审核,2026/10/4
未下载,先确认文献身份再找全文,IONDET-0193,Sch08,Interpretation of laser-produced ion beam diagnostics using the PTRACE code,Interpretation of laser-produced ion beam diagnostics using the PTRACE code,2008,2008,,,,,https://www.semanticscholar.org/paper/53b2e3c010f1e26af1e1b5e8411d88d2ecb2fa85,no_publication_doi_pending_identity,A_激光离子诊断直接相关候选,题名聚焦诊断且题名/摘要有激光离子线索；不代表已审核实验场景,,RCF/放射变色膜,RCF/放射变色膜,,RCF/放射变色膜,题名及可用摘要线索,,previous_224,,否,needs_identity_and_fulltext,,,,,,专题标签仅为题名/摘要线索，不证明论文实际使用该器件；不同场景配置不得继承；未确认出版DOI；预印本/报告/会议与正式版关系待核对,本次未做全文科学审核,2026/10/4
未下载,本轮尚未尝试下载,IONDET-0311,Cla08,Nuclear activation as a high dynamic range diagnostic of laser–plasma interactions,Nuclear activation as a high dynamic range diagnostic of laser–plasma interactions,2008,2008,"R. J. Clarkea, ..., and M. Zepfb",Unknown Journal,,,https://www.semanticscholar.org/paper/0e333fd3a947456450c1631a93b224919fdf6128,no_publication_doi_pending_identity,A_激光离子诊断直接相关候选,题名聚焦诊断且题名/摘要有激光离子线索；不代表已审核实验场景,核活化/核反应间接离子诊断,RCF/放射变色膜,RCF/放射变色膜; 核活化/核反应间接离子诊断; 标定/反演/饱和与EMP抗扰,核活化/核反应间接离子诊断,RCF/放射变色膜; 标定/反演/饱和与EMP抗扰,题名及可用摘要线索,activation_calorimetry,targeted_search_20261004,,否,not_download_attempted_in_this_survey,,,,,Cla08b,专题标签仅为题名/摘要线索，不证明论文实际使用该器件；不同场景配置不得继承；未确认出版DOI；预印本/报告/会议与正式版关系待核对；题名相近仅产生疑似关系；未自动合并不同DOI或存档,本次未做全文科学审核,2026/10/4
未下载,待寻找公开全文,IONDET-0218,Ter08,The Thomson deflectometer: A novel use of the Thomson spectrometer as a transient field and plasma diagnostic,The Thomson deflectometer: a novel use of the Thomson spectrometer as a transient field and plasma diagnostic.,2008,2008,S. Ter–Avetisyan; M. Schnürer; P. V. Nickles; T. Sokollik; E. Risse; M. Kalashnikov; W. Sandner; G. Priebe,Review of Scientific Instruments,10.1063/1.2901579,https://doi.org/10.1063/1.2901579,,verified,A_激光离子诊断直接相关候选,题名聚焦诊断且题名/摘要有激光离子线索；不代表已审核实验场景,汤姆逊抛物线/电磁联合能谱仪,,汤姆逊抛物线/电磁联合能谱仪; 标定/反演/饱和与EMP抗扰,汤姆逊抛物线/电磁联合能谱仪,汤姆逊抛物线/电磁联合能谱仪; 标定/反演/饱和与EMP抗扰,题名及可用摘要线索,review_references,previous_224,https://api.crossref.org/works/10.1063%2F1.2901579,否,needs_public_fulltext,,,,https://pubs.aip.org/aip/rsi/article-pdf/doi/10.1063/1.2901579/13628768/033303_1_online.pdf,,专题标签仅为题名/摘要线索，不证明论文实际使用该器件；不同场景配置不得继承,本次未做全文科学审核,2026/10/4
未下载,待寻找公开全文,IONDET-0007,Hey08,Use of GafChromic film to diagnose laser generated proton beams,Use of GafChromic film to diagnose laser generated proton beams.,2008,2008,D. S. Hey; M. H. Key; A. J. Mackinnon; A. G. MacPhee; P. K. Patel; R. R. Freeman; L. D. Van Woerkom; C. M. Castaneda,Review of Scientific Instruments,10.1063/1.2901603,https://doi.org/10.1063/1.2901603,,verified,A_激光离子诊断直接相关候选,题名聚焦诊断且题名/摘要有激光离子线索；不代表已审核实验场景,核活化/核反应间接离子诊断,RCF/放射变色膜,RCF/放射变色膜; 核活化/核反应间接离子诊断; 标定/反演/饱和与EMP抗扰,RCF/放射变色膜,RCF/放射变色膜; 核活化/核反应间接离子诊断; 标定/反演/饱和与EMP抗扰,题名及可用摘要线索,emulsion_gas_luminescence; rcf; review_references,previous_224,https://api.crossref.org/works/10.1063%2F1.2901603,否,needs_public_fulltext,,,,https://pubs.aip.org/aip/rsi/article-pdf/doi/10.1063/1.2901603/15987075/053501_1_online.pdf,,专题标签仅为题名/摘要线索，不证明论文实际使用该器件；不同场景配置不得继承,本次未做全文科学审核,2026/10/4
未下载,先确认文献身份再找全文,IONDET-0187,Nur07,3-D reconstruction of a laser accelerated proton beam using micro-structured target foils and radiochromic film detectors,3-D reconstruction of a laser accelerated proton beam using micro-structured target foils and radiochromic film detectors,2007,2007,,,,,https://www.semanticscholar.org/paper/fe333bbb48a2364a2d525eca72e89333209b5e78,no_publication_doi_pending_identity,A_激光离子诊断直接相关候选,题名聚焦诊断且题名/摘要有激光离子线索；不代表已审核实验场景,,RCF/放射变色膜,RCF/放射变色膜; 标定/反演/饱和与EMP抗扰,RCF/放射变色膜; 标定/反演/饱和与EMP抗扰,,题名及可用摘要线索,rcf,previous_224,,否,needs_identity_and_fulltext,,,,,,专题标签仅为题名/摘要线索，不证明论文实际使用该器件；不同场景配置不得继承；未确认出版DOI；预印本/报告/会议与正式版关系待核对,本次未做全文科学审核,2026/10/4
未下载,本轮尚未尝试下载,IONDET-0277,Nef07,Faraday Cup Measurements of the Energy Spectrum of Laser-Accelerated Protons,Faraday Cup Measurements of the Energy Spectrum of Laser-Accelerated Protons,2007,2007,S. Neff; S. Wright; C. Plechaty; J. Ford; R. Royle; R. Presura,2007 IEEE 34th International Conference on Plasma Science (ICOPS),10.1109/ppps.2007.4346076,https://doi.org/10.1109/ppps.2007.4346076,,verified_crossref,A_激光离子诊断直接相关候选,题名聚焦诊断且题名/摘要有激光离子线索；不代表已审核实验场景,法拉第杯/ICT/电离室及电荷剂量监测,,法拉第杯/ICT/电离室及电荷剂量监测,法拉第杯/ICT/电离室及电荷剂量监测,,仅题名/明确人工核对说明,charge_dose,targeted_search_20261004,https://api.crossref.org/works/10.1109%2Fppps.2007.4346076,否,not_download_attempted_in_this_survey,,,,,Nef08,专题标签仅为题名/摘要线索，不证明论文实际使用该器件；不同场景配置不得继承；题名相近仅产生疑似关系；未自动合并不同DOI或存档,本次未做全文科学审核,2026/10/4
未下载,待寻找公开全文,IONDET-0153,Lee07,Study on the Tracks in a Nuclear Track Detector (CR39) for Detection of Laser-Induced Charged Particles,Study on the Tracks in a Nuclear Track Detector (CR39) for Detection of Laser-Induced Charged Particles,2007,2007,Ji Young Lee; Jae Heung Jo; Seong Hee Park; Kitae Lee; Yong Woo Lee; Kwon-Hae Yea; Yong Ho Cha; Young Uk Jeong,Journal of the Korean Physical Society,10.3938/jkps.51.426,https://doi.org/10.3938/jkps.51.426,,verified,A_激光离子诊断直接相关候选,题名聚焦诊断且题名/摘要有激光离子线索；不代表已审核实验场景,,CR-39/PADC/PM-355及固体蚀刻径迹,CR-39/PADC/PM-355及固体蚀刻径迹,CR-39/PADC/PM-355及固体蚀刻径迹,CR-39/PADC/PM-355及固体蚀刻径迹,题名及可用摘要线索,,previous_224,https://api.crossref.org/works/10.3938%2Fjkps.51.426,否,needs_public_fulltext,,,,,,专题标签仅为题名/摘要线索，不证明论文实际使用该器件；不同场景配置不得继承,本次未做全文科学审核,2026/10/4
未下载,待寻找公开全文,IONDET-0096,Nak06,Real-Time Optimization of Proton Production by Intense Short-Pulse Laser with Time-of-Flight Measurement,Real-Time Optimization of Proton Production by Intense Short-Pulse Laser with Time-of-Flight Measurement,2006,2006,Shu Nakamura; Yoshihisa Iwashita; Akira Noda; Toshiyuki Shirai; Hiromu Tongu; Atsushi Fukumi; Masataka Kado; Akifumi Yogo; Michiaki Mori; Satoshi Orimo; Koichi Ogura; Akito Sagisaka; Mamiko Nishiuchi; Yukio Hayashi; Zhong Li; Hiroyuki Daido; Yoshio Wada,Japanese Journal of Applied Physics,10.1143/jjap.45.l913,https://doi.org/10.1143/jjap.45.l913,,verified,A_激光离子诊断直接相关候选,题名聚焦诊断且题名/摘要有激光离子线索；不代表已审核实验场景,飞行时间TOF/时间分辨,,飞行时间TOF/时间分辨,飞行时间TOF/时间分辨,,仅题名/明确人工核对说明,,previous_224,https://api.crossref.org/works/10.1143%2Fjjap.45.l913,否,needs_public_fulltext,,,,https://iopscience.iop.org/article/10.1143/JJAP.45.L913/pdf; https://iopscience.iop.org/article/10.1143/JJAP.45.L913/pdf; https://iopscience.iop.org/article/10.1143/JJAP.45.L913/pdf,,专题标签仅为题名/摘要线索，不证明论文实际使用该器件；不同场景配置不得继承,本次未做全文科学审核,2026/10/4
未下载,待寻找公开全文,IONDET-0148,Bre04,Spectral and angular characterization of laser-produced proton beams from dosimetric measurements,Spectral and angular characterization of laser-produced proton beams from dosimetric measurements,2004,2004,E. BRESCHI; M. BORGHESI; D. H. CAMPBELL; M. GALIMBERTI; D. GIULIETTI; L. A. GIZZI; L. ROMAGNANI; A. SCHIAVI; O. WILLI,Laser and Particle Beams,10.1017/s0263034604040030,https://doi.org/10.1017/s0263034604040030,,verified,A_激光离子诊断直接相关候选,题名聚焦诊断且题名/摘要有激光离子线索；不代表已审核实验场景,,,,,,题名及可用摘要线索,,previous_224,https://api.crossref.org/works/10.1017%2Fs0263034604040030,否,needs_public_fulltext,,,,,,专题标签仅为题名/摘要线索，不证明论文实际使用该器件；不同场景配置不得继承,本次未做全文科学审核,2026/10/4
未下载,待寻找公开全文,IONDET-0201,Ruh04,"The generation of micro-fiducials in laser-accelerated proton flows, their imaging property of surface structures and application for the characterization of the flow","The generation of micro-fiducials in laser-accelerated proton flows, their imaging property of surface structures and application for the characterization of the flow",2004,2004,H. Ruhl; T. Cowan; J. Fuchs,Physics of Plasmas,10.1063/1.1690302,https://doi.org/10.1063/1.1690302,,verified,A_激光离子诊断直接相关候选,题名聚焦诊断且题名/摘要有激光离子线索；不代表已审核实验场景,,,,,,题名及可用摘要线索,,previous_224,https://api.crossref.org/works/10.1063%2F1.1690302,否,needs_public_fulltext,,,,https://pubs.aip.org/aip/pop/article-pdf/11/5/L17/19292310/l17_1_online.pdf,,专题标签仅为题名/摘要线索，不证明论文实际使用该器件；不同场景配置不得继承,本次未做全文科学审核,2026/10/4
未下载,本轮尚未尝试下载,IONDET-0242,Szy03,Measurements of energetic ions emitted from laser produced plasma by means of solid state nuclear track detectors of the PM-355 type,Measurements of energetic ions emitted from laser produced plasma by means of solid state nuclear track detectors of the PM-355 type,2003,2003,A Szydlowski; J Badziak; P Parys; J Wolowski; E Woryna; K Jungwirth; B Kralikova; J Krasa; L Laska; M Pfeifer; K Rohlena; J Skala; J Ullschmied; F D Boody; S Gammino; L Torrisi,Plasma Physics and Controlled Fusion,10.1088/0741-3335/45/8/303,https://doi.org/10.1088/0741-3335/45/8/303,,verified_crossref,A_激光离子诊断直接相关候选,题名聚焦诊断且题名/摘要有激光离子线索；不代表已审核实验场景,,CR-39/PADC/PM-355及固体蚀刻径迹,CR-39/PADC/PM-355及固体蚀刻径迹,CR-39/PADC/PM-355及固体蚀刻径迹,,仅题名/明确人工核对说明,tracks,targeted_search_20261004,https://api.crossref.org/works/10.1088%2F0741-3335%2F45%2F8%2F303,否,not_download_attempted_in_this_survey,,,,,,专题标签仅为题名/摘要线索，不证明论文实际使用该器件；不同场景配置不得继承,本次未做全文科学审核,2026/10/4
未下载,本轮尚未尝试下载,IONDET-0309,Kru02,Nuclear diagnostics of high intensity laser plasma interactions,Nuclear diagnostics of high intensity laser plasma interactions,2002,2002,K. Krushelnick,AIP Conference Proceedings,10.1063/1.1470310,https://doi.org/10.1063/1.1470310,,verified_crossref,A_激光离子诊断直接相关候选,题名聚焦诊断且题名/摘要有激光离子线索；不代表已审核实验场景,核活化/核反应间接离子诊断,,核活化/核反应间接离子诊断,,核活化/核反应间接离子诊断,题名及可用摘要线索,activation_calorimetry,targeted_search_20261004,https://api.crossref.org/works/10.1063%2F1.1470310,否,not_download_attempted_in_this_survey,,,,,,专题标签仅为题名/摘要线索，不证明论文实际使用该器件；不同场景配置不得继承,本次未做全文科学审核,2026/10/4
未下载,本轮尚未尝试下载,IONDET-0248,Fle00,CR-39 Track Detector Calibrations for ICF Experiments,CR-39 Track Detector Calibrations for ICF Experiments,2000,2000,"K. Fletcher, ..., and C. Sorce",Unknown Journal,,,https://www.semanticscholar.org/paper/b55d003ee7bfbd334a96654456de8c200e443bb9,no_publication_doi_pending_identity,A_激光离子诊断直接相关候选,题名聚焦诊断且题名/摘要有激光离子线索；不代表已审核实验场景,,CR-39/PADC/PM-355及固体蚀刻径迹,CR-39/PADC/PM-355及固体蚀刻径迹; 标定/反演/饱和与EMP抗扰,CR-39/PADC/PM-355及固体蚀刻径迹; 标定/反演/饱和与EMP抗扰,,仅题名/明确人工核对说明,tracks,targeted_search_20261004,,否,not_download_attempted_in_this_survey,,,,,,专题标签仅为题名/摘要线索，不证明论文实际使用该器件；不同场景配置不得继承；未确认出版DOI；预印本/报告/会议与正式版关系待核对,本次未做全文科学审核,2026/10/4
未下载,待寻找公开全文,IONDET-0137,Web86,Thomson parabola time-of-flight ion spectrometer,Thomson parabola time-of-flight ion spectrometer,1986,1986,R. Weber; J. E. Balmer; P. L?drach,Review of Scientific Instruments,10.1063/1.1138637,https://doi.org/10.1063/1.1138637,,verified,A_激光离子诊断直接相关候选,题名聚焦诊断且题名/摘要有激光离子线索；不代表已审核实验场景,汤姆逊抛物线/电磁联合能谱仪; 飞行时间TOF/时间分辨,,汤姆逊抛物线/电磁联合能谱仪; 飞行时间TOF/时间分辨,汤姆逊抛物线/电磁联合能谱仪; 飞行时间TOF/时间分辨,汤姆逊抛物线/电磁联合能谱仪,题名及可用摘要线索,electrostatic_laser; thomson,previous_224,https://api.crossref.org/works/10.1063%2F1.1138637,否,needs_public_fulltext,,,,https://pubs.aip.org/aip/rsi/article-pdf/57/7/1251/8376332/1251_1_online.pdf,,专题标签仅为题名/摘要线索，不证明论文实际使用该器件；不同场景配置不得继承,本次未做全文科学审核,2026/10/4
未下载,先确认文献身份再找全文,IONDET-0178,Kac84,Modified Thomson Parabola Ion Spectrometers for Use in Laser Generated Plasma Experiments.,Modified Thomson Parabola Ion Spectrometers for Use in Laser Generated Plasma Experiments.,1984,1984,,,,,https://www.semanticscholar.org/paper/c8726ed73090e976b57a6c3c489b7aeec95513f3,no_publication_doi_pending_identity,A_激光离子诊断直接相关候选,题名聚焦诊断且题名/摘要有激光离子线索；不代表已审核实验场景,汤姆逊抛物线/电磁联合能谱仪,CR-39/PADC/PM-355及固体蚀刻径迹; 微通道板MCP及倍增读出,汤姆逊抛物线/电磁联合能谱仪; CR-39/PADC/PM-355及固体蚀刻径迹; 微通道板MCP及倍增读出,汤姆逊抛物线/电磁联合能谱仪,汤姆逊抛物线/电磁联合能谱仪; CR-39/PADC/PM-355及固体蚀刻径迹; 微通道板MCP及倍增读出,题名及可用摘要线索,electrostatic_laser,previous_224,,否,needs_identity_and_fulltext,,,,,,专题标签仅为题名/摘要线索，不证明论文实际使用该器件；不同场景配置不得继承；未确认出版DOI；预印本/报告/会议与正式版关系待核对,本次未做全文科学审核,2026/10/4
未下载,待寻找公开全文,IONDET-0164,Sak80,Modified Thomson parabola ion spectrometer of wide dynamic range,Modified Thomson parabola ion spectrometer of wide dynamic range,1980,1980,S. Sakabe; T. Mochizuki; T. Yamanaka; C. Yamanaka,Review of Scientific Instruments,10.1063/1.1136073,https://doi.org/10.1063/1.1136073,,verified,A_激光离子诊断直接相关候选,题名聚焦诊断且题名/摘要有激光离子线索；不代表已审核实验场景,汤姆逊抛物线/电磁联合能谱仪,,汤姆逊抛物线/电磁联合能谱仪,汤姆逊抛物线/电磁联合能谱仪,汤姆逊抛物线/电磁联合能谱仪,题名及可用摘要线索,,previous_224,https://api.crossref.org/works/10.1063%2F1.1136073,否,needs_public_fulltext,,,,https://pubs.aip.org/aip/rsi/article-pdf/51/10/1314/19283497/1314_1_online.pdf,,专题标签仅为题名/摘要线索，不证明论文实际使用该器件；不同场景配置不得继承,本次未做全文科学审核,2026/10/4
未下载,本轮尚未尝试下载,IONDET-0249,Ceg80,Solid state track detectors in the inertial confinement fusion program at LLL. [CR-39 and cellulose nitrate detectors],Solid state track detectors in the inertial confinement fusion program at LLL. [CR-39 and cellulose nitrate detectors],1980,1980,"N. Ceglio, E. V. Benton",Unknown Journal,,,https://www.semanticscholar.org/paper/4f85974c50898e7b16266e030196bec9be3d816b,no_publication_doi_pending_identity,A_激光离子诊断直接相关候选,题名聚焦诊断且题名/摘要有激光离子线索；不代表已审核实验场景,,CR-39/PADC/PM-355及固体蚀刻径迹,CR-39/PADC/PM-355及固体蚀刻径迹,CR-39/PADC/PM-355及固体蚀刻径迹,CR-39/PADC/PM-355及固体蚀刻径迹,题名及可用摘要线索,tracks,targeted_search_20261004,,否,not_download_attempted_in_this_survey,,,,,,专题标签仅为题名/摘要线索，不证明论文实际使用该器件；不同场景配置不得继承；未确认出版DOI；预印本/报告/会议与正式版关系待核对,本次未做全文科学审核,2026/10/4
未下载,本轮尚未尝试下载,IONDET-0367,Bad80; Bad80b,Space charge effects in electrostatic ion analysers for laser produced plasma detection,Space charge effects in electrostatic ion analysers for laser produced plasma detection,1980,1980,H Bader; K Rohr; H Weber,Journal of Physics D: Applied Physics,10.1088/0022-3727/13/8/001,https://doi.org/10.1088/0022-3727/13/8/001,,verified_crossref,A_激光离子诊断直接相关候选,题名聚焦诊断且题名/摘要有激光离子线索；不代表已审核实验场景,静电能量分析器/阻滞场与离子探针,,静电能量分析器/阻滞场与离子探针,静电能量分析器/阻滞场与离子探针,静电能量分析器/阻滞场与离子探针,题名及可用摘要线索,electrostatic_laser,targeted_search_20261004,https://api.crossref.org/works/10.1088%2F0022-3727%2F13%2F8%2F001,否,not_download_attempted_in_this_survey,,,,,,专题标签仅为题名/摘要线索，不证明论文实际使用该器件；不同场景配置不得继承,本次未做全文科学审核,2026/10/4
未下载,本轮尚未尝试下载,IONDET-0281,Pea77,Faraday cups for laser plasmas,Faraday cups for laser plasmas,1977,1977,Jay S. Pearlman,Review of Scientific Instruments,10.1063/1.1135184,https://doi.org/10.1063/1.1135184,,verified_crossref,A_激光离子诊断直接相关候选,题名聚焦诊断且题名/摘要有激光离子线索；不代表已审核实验场景,法拉第杯/ICT/电离室及电荷剂量监测,,法拉第杯/ICT/电离室及电荷剂量监测,法拉第杯/ICT/电离室及电荷剂量监测,法拉第杯/ICT/电离室及电荷剂量监测,题名及可用摘要线索,charge_dose,targeted_search_20261004,https://api.crossref.org/works/10.1063%2F1.1135184,否,not_download_attempted_in_this_survey,,,,https://pubs.aip.org/aip/rsi/article-pdf/48/8/1064/19314669/1064_1_online.pdf,,专题标签仅为题名/摘要线索，不证明论文实际使用该器件；不同场景配置不得继承,本次未做全文科学审核,2026/10/4
未下载,本轮尚未尝试下载,IONDET-0364,All71,A Plane Electrostatic Analyzer for Laser Produced Plasma Studies,A Plane Electrostatic Analyzer for Laser Produced Plasma Studies,1971,1971,F. J. Allen,Review of Scientific Instruments,10.1063/1.1684897,https://doi.org/10.1063/1.1684897,,verified_crossref,A_激光离子诊断直接相关候选,题名聚焦诊断且题名/摘要有激光离子线索；不代表已审核实验场景,静电能量分析器/阻滞场与离子探针,,静电能量分析器/阻滞场与离子探针,静电能量分析器/阻滞场与离子探针,静电能量分析器/阻滞场与离子探针,题名及可用摘要线索,electrostatic_laser,targeted_search_20261004,https://api.crossref.org/works/10.1063%2F1.1684897,否,not_download_attempted_in_this_survey,,,,https://pubs.aip.org/aip/rsi/article-pdf/42/10/1423/19044890/1423_1_online.pdf,,专题标签仅为题名/摘要线索，不证明论文实际使用该器件；不同场景配置不得继承,本次未做全文科学审核,2026/10/4
未下载,待寻找公开全文,IONDET-0225,Yan17,A two-dimensional wide-angle proton spectrometer with improved angular resolution,A two-dimensional wide-angle proton spectrometer with improved angular resolution,2017,2017,Su Yang; Yanqing Deng; Xulei Ge; Yuan Fang; Wenqing Wei; Jian Gao; Feng Liu; Min Chen; Guoqian Liao; Yutong Li; Li Zhao; Yanyun Ma; Zhengming Sheng; Xiaohui Yuan; Jie Zhang,"Nuclear Instruments and Methods in Physics Research Section A: Accelerators, Spectrometers, Detectors and Associated Equipment",10.1016/j.nima.2017.03.063,https://doi.org/10.1016/j.nima.2017.03.063,,verified_crossref,B_一般离子标定与可借鉴,一般离子探测/标定可借鉴；未确认激光离子实验,,,,,,仅题名/明确人工核对说明,,previous_40_selection,https://api.crossref.org/works/10.1016%2Fj.nima.2017.03.063,是_候选非gold,needs_public_fulltext,,,,,,专题标签仅为题名/摘要线索，不证明论文实际使用该器件；不同场景配置不得继承,本次未做全文科学审核,2026/10/4
未下载,本轮尚未尝试下载,IONDET-0353,Gua26,Lighting up FLASH and beyond: TLD response across four orders of magnitude in proton dose rate,Lighting up FLASH and beyond: TLD response across four orders of magnitude in proton dose rate,2026,2026,Fada Guan; Jason Tang; Ally Brookner; Hayden Scott; Ivan Vazquez; Sabrina Campelo; Daniel Liu; Jacob Mathew; Lawrence Bronk; Yuting Li; Paige Taylor,Medical Physics,10.1002/mp.70556,https://doi.org/10.1002/mp.70556,,verified_crossref,B_一般离子标定与可借鉴,一般离子探测/标定可借鉴；未确认激光离子实验,,热释光TLD/光释光OSL剂量计,热释光TLD/光释光OSL剂量计,热释光TLD/光释光OSL剂量计,热释光TLD/光释光OSL剂量计,题名及可用摘要线索,luminescence_laser,targeted_search_20261004,https://api.crossref.org/works/10.1002%2Fmp.70556,否,not_download_attempted_in_this_survey,,,,https://aapm.onlinelibrary.wiley.com/doi/pdf/10.1002/mp.70556,,专题标签仅为题名/摘要线索，不证明论文实际使用该器件；不同场景配置不得继承,本次未做全文科学审核,2026/10/4
未下载,本轮尚未尝试下载,IONDET-0287,Sch24b,Design and optimization of a dedicated Faraday cup for UHDR proton dosimetry: Implementation in a UHDR irradiation station,Design and optimization of a dedicated Faraday Cup for UHDR proton dosimetry: implementation in a UHDR irradiation station,2024,2024,Lucas Schoenauen; Richard Coos; Julien L. Colaux; Anne-Catherine Heuskin,"Nuclear Instruments and Methods in Physics Research Section A: Accelerators, Spectrometers, Detectors and Associated Equipment",10.1016/j.nima.2024.169411,https://doi.org/10.1016/j.nima.2024.169411,,verified_crossref,B_一般离子标定与可借鉴,一般离子探测/标定可借鉴；未确认激光离子实验,法拉第杯/ICT/电离室及电荷剂量监测,,法拉第杯/ICT/电离室及电荷剂量监测,法拉第杯/ICT/电离室及电荷剂量监测,,仅题名/明确人工核对说明,charge_dose,targeted_search_20261004,https://api.crossref.org/works/10.1016%2Fj.nima.2024.169411,否,not_download_attempted_in_this_survey,,,,,,专题标签仅为题名/摘要线索，不证明论文实际使用该器件；不同场景配置不得继承,本次未做全文科学审核,2026/10/4
未下载,本轮尚未尝试下载,IONDET-0359,Jen23,High‐resolution three‐dimensional dosimetry in clinically relevant volumes utilizing optically stimulated luminescence,High-resolution three-dimensional dosimetry in clinically relevant volumes utilizing optically stimulated luminescence.,2024,2023,Mads L. Jensen; Brian Julsgaard; Rosana M. Turtos; Peter S. Skyt; Morten B. Jensen; Ludvig P. Muren; Peter Balling,Medical Physics,10.1002/mp.16796,https://doi.org/10.1002/mp.16796,,verified_crossref,B_一般离子标定与可借鉴,临床质子/光子剂量学，laser指OSL激光读出，不是激光加速束流,,热释光TLD/光释光OSL剂量计,热释光TLD/光释光OSL剂量计,热释光TLD/光释光OSL剂量计,热释光TLD/光释光OSL剂量计,题名及可用摘要线索,luminescence_laser,targeted_search_20261004,https://api.crossref.org/works/10.1002%2Fmp.16796,否,not_download_attempted_in_this_survey,,,,,,专题标签仅为题名/摘要线索，不证明论文实际使用该器件；不同场景配置不得继承,本次未做全文科学审核,2026/10/4
未下载,本轮尚未尝试下载,IONDET-0285,Ehw23,Detailed Monte‐Carlo characterization of a Faraday cup for proton therapy,Detailed Monte-Carlo characterization of a Faraday cup for proton therapy.,2023,2023,Julian Ehwald; Michele Togno; Antony John Lomax; Damien Charles Weber; Sairos Safai; Carla Winterhalter,Medical Physics,10.1002/mp.16464,https://doi.org/10.1002/mp.16464,,verified_crossref,B_一般离子标定与可借鉴,一般离子探测/标定可借鉴；未确认激光离子实验,法拉第杯/ICT/电离室及电荷剂量监测,,法拉第杯/ICT/电离室及电荷剂量监测,法拉第杯/ICT/电离室及电荷剂量监测,法拉第杯/ICT/电离室及电荷剂量监测,题名及可用摘要线索,charge_dose,targeted_search_20261004,https://api.crossref.org/works/10.1002%2Fmp.16464,否,not_download_attempted_in_this_survey,,,,,,专题标签仅为题名/摘要线索，不证明论文实际使用该器件；不同场景配置不得继承,本次未做全文科学审核,2026/10/4
未下载,本轮尚未尝试下载,IONDET-0305,Sch23b,Range verification of a clinical proton beam in an abdominal phantom by co-registration of ionoacoustics and ultrasound,Range verification of a clinical proton beam in an abdominal phantom by co-registration of ionoacoustics and ultrasound,2023,2023,Jannis Schauer; Hans-Peter Wieser; Julie Lascaud; Yuanhui Huang; Marie Vidal; Joel Herault; Vasilis Ntziachristos; Günther Dollinger; Katia Parodi,Physics in Medicine &amp; Biology,10.1088/1361-6560/acd834,https://doi.org/10.1088/1361-6560/acd834,,verified_crossref,B_一般离子标定与可借鉴,一般离子探测/标定可借鉴；未确认激光离子实验,飞行时间TOF/时间分辨; 离子声学/超声及Bragg峰声学监测,,飞行时间TOF/时间分辨; 离子声学/超声及Bragg峰声学监测; 标定/反演/饱和与EMP抗扰,离子声学/超声及Bragg峰声学监测,飞行时间TOF/时间分辨; 离子声学/超声及Bragg峰声学监测; 标定/反演/饱和与EMP抗扰,题名及可用摘要线索,acoustic,targeted_search_20261004,https://api.crossref.org/works/10.1088%2F1361-6560%2Facd834,否,not_download_attempted_in_this_survey,,,,https://iopscience.iop.org/article/10.1088/1361-6560/acd834/pdf; https://iopscience.iop.org/article/10.1088/1361-6560/acd834/pdf; https://iopscience.iop.org/article/10.1088/1361-6560/acd834/pdf; https://iopscience.iop.org/article/10.1088/1361-6560/acd834/pdf; https://iopscience.iop.org/article/10.1088/1361-6560/acd834/pdf; https://iopscience.iop.org/article/10.1088/1361-6560/acd834/pdf,,专题标签仅为题名/摘要线索，不证明论文实际使用该器件；不同场景配置不得继承,本次未做全文科学审核,2026/10/4
未下载,本轮尚未尝试下载,IONDET-0355,Chr21,Al 2 O 3 :C optically stimulated luminescence dosimeters (OSLDs) for ultra-high dose rate proton dosimetry,Al2O3:C optically stimulated luminescence dosimeters (OSLDs) for ultra-high dose rate proton dosimetry,2021,2021,Jeppe Brage Christensen; Michele Togno; Konrad Pawel Nesteruk; Serena Psoroulas; David Meer; Damien Charles Weber; Tony Lomax; Eduardo G Yukihara; Sairos Safai,Physics in Medicine &amp; Biology,10.1088/1361-6560/abe554,https://doi.org/10.1088/1361-6560/abe554,,verified_crossref,B_一般离子标定与可借鉴,一般离子探测/标定可借鉴；未确认激光离子实验,,RCF/放射变色膜; 热释光TLD/光释光OSL剂量计,RCF/放射变色膜; 热释光TLD/光释光OSL剂量计,热释光TLD/光释光OSL剂量计,RCF/放射变色膜; 热释光TLD/光释光OSL剂量计,题名及可用摘要线索,luminescence_laser,targeted_search_20261004,https://api.crossref.org/works/10.1088%2F1361-6560%2Fabe554,否,not_download_attempted_in_this_survey,,,,https://iopscience.iop.org/article/10.1088/1361-6560/abe554/pdf; https://iopscience.iop.org/article/10.1088/1361-6560/abe554/pdf; https://iopscience.iop.org/article/10.1088/1361-6560/abe554/pdf; https://iopscience.iop.org/article/10.1088/1361-6560/abe554/pdf; https://iopscience.iop.org/article/10.1088/1361-6560/abe554/pdf; https://iopscience.iop.org/article/10.1088/1361-6560/abe554/pdf,,专题标签仅为题名/摘要线索，不证明论文实际使用该器件；不同场景配置不得继承,本次未做全文科学审核,2026/10/4
未下载,本轮尚未尝试下载,IONDET-0278,Win21,Faraday cup for commissioning and quality assurance for proton pencil beam scanning beams at conventional and ultra-high dose rates,Faraday cup for commissioning and quality assurance for proton pencil beam scanning beams at conventional and ultra-high dose rates,2021,2021,C Winterhalter; M Togno; K P Nesteruk; F Emert; S Psoroulas; M Vidal; D Meer; D C Weber; A Lomax; S Safai,Physics in Medicine &amp; Biology,10.1088/1361-6560/abfbf2,https://doi.org/10.1088/1361-6560/abfbf2,,verified_crossref,B_一般离子标定与可借鉴,一般离子探测/标定可借鉴；未确认激光离子实验,法拉第杯/ICT/电离室及电荷剂量监测,,法拉第杯/ICT/电离室及电荷剂量监测; 标定/反演/饱和与EMP抗扰,法拉第杯/ICT/电离室及电荷剂量监测,法拉第杯/ICT/电离室及电荷剂量监测; 标定/反演/饱和与EMP抗扰,题名及可用摘要线索,charge_dose,targeted_search_20261004,https://api.crossref.org/works/10.1088%2F1361-6560%2Fabfbf2,否,not_download_attempted_in_this_survey,,,,https://iopscience.iop.org/article/10.1088/1361-6560/abfbf2/pdf; https://iopscience.iop.org/article/10.1088/1361-6560/abfbf2/pdf; https://iopscience.iop.org/article/10.1088/1361-6560/abfbf2/pdf; https://iopscience.iop.org/article/10.1088/1361-6560/abfbf2/pdf; https://iopscience.iop.org/article/10.1088/1361-6560/abfbf2/pdf; https://iopscience.iop.org/article/10.1088/1361-6560/abfbf2/pdf,,专题标签仅为题名/摘要线索，不证明论文实际使用该器件；不同场景配置不得继承,本次未做全文科学审核,2026/10/4
未下载,本轮尚未尝试下载,IONDET-0297,Las21,Investigating the accuracy of co-registered ionoacoustic and ultrasound images in pulsed proton beams,Investigating the accuracy of co-registered ionoacoustic and ultrasound images in pulsed proton beams,2021,2021,Julie Lascaud; Pratik Dash; Hans-Peter Wieser; Ronaldo Kalunga; Matthias Würl; Walter Assmann; Katia Parodi,Physics in Medicine &amp; Biology,10.1088/1361-6560/ac215e,https://doi.org/10.1088/1361-6560/ac215e,,verified_crossref,B_一般离子标定与可借鉴,一般离子探测/标定可借鉴；未确认激光离子实验,离子声学/超声及Bragg峰声学监测,,离子声学/超声及Bragg峰声学监测; 标定/反演/饱和与EMP抗扰,离子声学/超声及Bragg峰声学监测,离子声学/超声及Bragg峰声学监测; 标定/反演/饱和与EMP抗扰,题名及可用摘要线索,acoustic,targeted_search_20261004,https://api.crossref.org/works/10.1088%2F1361-6560%2Fac215e,否,not_download_attempted_in_this_survey,,,,https://iopscience.iop.org/article/10.1088/1361-6560/ac215e/pdf; https://iopscience.iop.org/article/10.1088/1361-6560/ac215e/pdf; https://iopscience.iop.org/article/10.1088/1361-6560/ac215e/pdf; https://iopscience.iop.org/article/10.1088/1361-6560/ac215e/pdf; https://iopscience.iop.org/article/10.1088/1361-6560/ac215e/pdf; https://iopscience.iop.org/article/10.1088/1361-6560/ac215e/pdf,,专题标签仅为题名/摘要线索，不证明论文实际使用该器件；不同场景配置不得继承,本次未做全文科学审核,2026/10/4
未下载,待寻找公开全文,IONDET-0144,Ten19,A compact high resolution Thomson parabola spectrometer based on Halbach dipole magnets,A compact high resolution Thomson parabola spectrometer based on Halbach dipole magnets,2019,2019,J. Teng; S.K. He; Z.G. Deng; B. Zhang; W. Hong; Z.M. Zhang; B. Zhu; Y.Q. Gu,"Nuclear Instruments and Methods in Physics Research Section A: Accelerators, Spectrometers, Detectors and Associated Equipment",10.1016/j.nima.2019.04.041,https://doi.org/10.1016/j.nima.2019.04.041,,verified,B_一般离子标定与可借鉴,一般离子探测/标定可借鉴；未确认激光离子实验,汤姆逊抛物线/电磁联合能谱仪,,汤姆逊抛物线/电磁联合能谱仪,汤姆逊抛物线/电磁联合能谱仪,汤姆逊抛物线/电磁联合能谱仪,题名及可用摘要线索,,previous_224,https://api.crossref.org/works/10.1016%2Fj.nima.2019.04.041,否,needs_public_fulltext,,,,,,专题标签仅为题名/摘要线索，不证明论文实际使用该器件；不同场景配置不得继承,本次未做全文科学审核,2026/10/4
未下载,本轮尚未尝试下载,IONDET-0299,Ote19,Acoustic Localization of Bragg Peak Proton Beams for Hadrontherapy Monitoring,Acoustic Localization of Bragg Peak Proton Beams for Hadrontherapy Monitoring,2019,2019,Jorge Otero; Ivan Felis; Miguel Ardid; Alicia Herrero,Sensors,10.3390/s19091971,https://doi.org/10.3390/s19091971,,verified_crossref,B_一般离子标定与可借鉴,一般离子探测/标定可借鉴；未确认激光离子实验,离子声学/超声及Bragg峰声学监测,,离子声学/超声及Bragg峰声学监测,离子声学/超声及Bragg峰声学监测,离子声学/超声及Bragg峰声学监测,题名及可用摘要线索,acoustic,targeted_search_20261004,https://api.crossref.org/works/10.3390%2Fs19091971,否,not_download_attempted_in_this_survey,,,,,,专题标签仅为题名/摘要线索，不证明论文实际使用该器件；不同场景配置不得继承,本次未做全文科学审核,2026/10/4
未下载,本轮尚未尝试下载,IONDET-0293,Leh19b,Ionoacoustics for range monitoring of proton therapy,Ionoacoustics for range monitoring of proton therapy,2019,2019,S Lehrack; W Assmann; K Parodi,Journal of Physics: Conference Series,10.1088/1742-6596/1154/1/012015,https://doi.org/10.1088/1742-6596/1154/1/012015,,verified_crossref,B_一般离子标定与可借鉴,一般离子探测/标定可借鉴；未确认激光离子实验,离子声学/超声及Bragg峰声学监测,,离子声学/超声及Bragg峰声学监测,离子声学/超声及Bragg峰声学监测,离子声学/超声及Bragg峰声学监测,题名及可用摘要线索,acoustic,targeted_search_20261004,https://api.crossref.org/works/10.1088%2F1742-6596%2F1154%2F1%2F012015,否,not_download_attempted_in_this_survey,,,,http://stacks.iop.org/1742-6596/1154/i=1/a=012015/pdf; http://stacks.iop.org/1742-6596/1154/i=1/a=012015/pdf,,专题标签仅为题名/摘要线索，不证明论文实际使用该器件；不同场景配置不得继承,本次未做全文科学审核,2026/10/4
未下载,本轮尚未尝试下载,IONDET-0304,Ote18,Acoustic Location of Bragg Peak for Hadrontherapy Monitoring,Acoustic Location of Bragg Peak for Hadrontherapy Monitoring,2018,2018,Jorge Otero; Miguel Ardid; Ivan Felis; Alicia Herrero,5th International Electronic Conference on Sensors and Applications,10.3390/ecsa-5-05747,https://doi.org/10.3390/ecsa-5-05747,,verified_crossref,B_一般离子标定与可借鉴,一般离子探测/标定可借鉴；未确认激光离子实验,离子声学/超声及Bragg峰声学监测,,离子声学/超声及Bragg峰声学监测,离子声学/超声及Bragg峰声学监测,离子声学/超声及Bragg峰声学监测,题名及可用摘要线索,acoustic,targeted_search_20261004,https://api.crossref.org/works/10.3390%2Fecsa-5-05747,否,not_download_attempted_in_this_survey,,,,,,专题标签仅为题名/摘要线索，不证明论文实际使用该器件；不同场景配置不得继承,本次未做全文科学审核,2026/10/4
未下载,本轮尚未尝试下载,IONDET-0360,Tei18,Dose and dose rate measurements in proton beams using the luminescence of beryllium oxide,Dose and dose rate measurements in proton beams using the luminescence of beryllium oxide,2018,2018,T. Teichmann; M.J. Gonzalez Torres; M.J. van Goethem; E.R. van der Graaf; J. Henniger; A. Jahn; H.H. Kiewiet; M. Sommer; W. Ullrich; C. Weinhold; T. Kormoll,Journal of Instrumentation,10.1088/1748-0221/13/10/p10015,https://doi.org/10.1088/1748-0221/13/10/p10015,,verified_crossref,B_一般离子标定与可借鉴,一般离子探测/标定可借鉴；未确认激光离子实验,法拉第杯/ICT/电离室及电荷剂量监测,热释光TLD/光释光OSL剂量计,法拉第杯/ICT/电离室及电荷剂量监测; 热释光TLD/光释光OSL剂量计; 标定/反演/饱和与EMP抗扰,,法拉第杯/ICT/电离室及电荷剂量监测; 热释光TLD/光释光OSL剂量计; 标定/反演/饱和与EMP抗扰,题名及可用摘要线索,luminescence_laser,targeted_search_20261004,https://api.crossref.org/works/10.1088%2F1748-0221%2F13%2F10%2Fp10015,否,not_download_attempted_in_this_survey,,,,http://stacks.iop.org/1748-0221/13/i=10/a=P10015/pdf; http://stacks.iop.org/1748-0221/13/i=10/a=P10015/pdf,,专题标签仅为题名/摘要线索，不证明论文实际使用该器件；不同场景配置不得继承,本次未做全文科学审核,2026/10/4
未下载,本轮尚未尝试下载,IONDET-0286,Sei17,A Multi-leaf Faraday Cup Especially for Proton Therapy of Ocular Tumors,A MULTI-LEAF FARADAY CUP ESPECIALLY FOR PROTON THERAPY OF OCULAR TUMORS,2017,2017,"Seidel, Sophie; Bundesmann, J??rgen; Damerow, Thassilo; Denker, Andrea; Kunert, Christoph; Weber, Andreas","Unknown Journal, pp. 118-120",10.18429/jacow-cyclotrons2016-moe02,https://doi.org/10.18429/jacow-cyclotrons2016-moe02,,verified_datacite,B_一般离子标定与可借鉴,一般离子探测/标定可借鉴；未确认激光离子实验,法拉第杯/ICT/电离室及电荷剂量监测,,法拉第杯/ICT/电离室及电荷剂量监测,法拉第杯/ICT/电离室及电荷剂量监测,法拉第杯/ICT/电离室及电荷剂量监测,题名及可用摘要线索,charge_dose,targeted_search_20261004,https://api.datacite.org/dois/10.18429%2Fjacow-cyclotrons2016-moe02,否,not_download_attempted_in_this_survey,,,,,,专题标签仅为题名/摘要线索，不证明论文实际使用该器件；不同场景配置不得继承,本次未做全文科学审核,2026/10/4
未下载,本轮尚未尝试下载,IONDET-0260,Him16,Applicability of micro-channel plate followed by phosphor screen to charged particles,Applicability of micro-channel plate followed by phosphor screen to charged particles.,2016,2016,H. Himura; S. Nakata; A. Sanpei,Review of Scientific Instruments,10.1063/1.4954406,https://doi.org/10.1063/1.4954406,,verified_crossref,B_一般离子标定与可借鉴,一般离子探测/标定可借鉴；未确认激光离子实验,,微通道板MCP及倍增读出,微通道板MCP及倍增读出; 标定/反演/饱和与EMP抗扰,微通道板MCP及倍增读出,微通道板MCP及倍增读出; 标定/反演/饱和与EMP抗扰,题名及可用摘要线索,mcp,targeted_search_20261004,https://api.crossref.org/works/10.1063%2F1.4954406,否,not_download_attempted_in_this_survey,,,,https://pubs.aip.org/aip/rsi/article-pdf/doi/10.1063/1.4954406/15885954/063306_1_online.pdf,,专题标签仅为题名/摘要线索，不证明论文实际使用该器件；不同场景配置不得继承,本次未做全文科学审核,2026/10/4
未下载,本轮尚未尝试下载,IONDET-0238,Bor16,SCINTILLATING SCREENS INVESTIGATIONS WITH PROTON BEAMS,SCINTILLATING SCREENS INVESTIGATIONS WITH PROTON BEAMS,2016,2016,"E. Bordas, ..., and J. Fils",Unknown Journal,,,https://www.semanticscholar.org/paper/d2bb083d57691fb704cd67a8dd34cc7c1ea9913f,no_publication_doi_pending_identity,B_一般离子标定与可借鉴,一般离子探测/标定可借鉴；未确认激光离子实验,,闪烁体/闪烁纤维/堆栈与断层,闪烁体/闪烁纤维/堆栈与断层,闪烁体/闪烁纤维/堆栈与断层,闪烁体/闪烁纤维/堆栈与断层,题名及可用摘要线索,scintillator,targeted_search_20261004,,否,not_download_attempted_in_this_survey,,,,,,专题标签仅为题名/摘要线索，不证明论文实际使用该器件；不同场景配置不得继承；未确认出版DOI；预印本/报告/会议与正式版关系待核对,本次未做全文科学审核,2026/10/4
未下载,本轮尚未尝试下载,IONDET-0292,Ass15,Ionoacoustic characterization of the proton Bragg peak with submillimeter accuracy,Ionoacoustic characterization of the proton Bragg peak with submillimeter accuracy.,2015,2015,W. Assmann; S. Kellnberger; S. Reinhardt; S. Lehrack; A. Edlich; P. G. Thirolf; M. Moser; G. Dollinger; M. Omar; V. Ntziachristos; K. Parodi,Medical Physics,10.1118/1.4905047,https://doi.org/10.1118/1.4905047,,verified_crossref,B_一般离子标定与可借鉴,一般离子探测/标定可借鉴；未确认激光离子实验,离子声学/超声及Bragg峰声学监测,,离子声学/超声及Bragg峰声学监测,离子声学/超声及Bragg峰声学监测,离子声学/超声及Bragg峰声学监测,题名及可用摘要线索,acoustic,targeted_search_20261004,https://api.crossref.org/works/10.1118%2F1.4905047,否,not_download_attempted_in_this_survey,,,,https://api.wiley.com/onlinelibrary/tdm/v1/articles/10.1118%2F1.4905047; http://scitation.aip.org/deliver/fulltext/aapm/journal/medphys/42/2/1.4905047.pdf?itemId=/content/aapm/journal/medphys/42/2/10.1118/1.4905047&mimeType=pdf&containerItemId=content/aapm/journal/medphys,,专题标签仅为题名/摘要线索，不证明论文实际使用该器件；不同场景配置不得继承,本次未做全文科学审核,2026/10/4
未下载,本轮尚未尝试下载,IONDET-0306,Par15,Ionoacoustics: A new direct method for range verification,Ionoacoustics: A new direct method for range verification,2015,2015,Katia Parodi; Walter Assmann,Modern Physics Letters A,10.1142/s0217732315400258,https://doi.org/10.1142/s0217732315400258,,verified_crossref,B_一般离子标定与可借鉴,一般离子探测/标定可借鉴；未确认激光离子实验,离子声学/超声及Bragg峰声学监测,,离子声学/超声及Bragg峰声学监测,离子声学/超声及Bragg峰声学监测,离子声学/超声及Bragg峰声学监测,题名及可用摘要线索,acoustic,targeted_search_20261004,https://api.crossref.org/works/10.1142%2Fs0217732315400258,否,not_download_attempted_in_this_survey,,,,,,专题标签仅为题名/摘要线索，不证明论文实际使用该器件；不同场景配置不得继承,本次未做全文科学审核,2026/10/4
未下载,本轮尚未尝试下载,IONDET-0284,Kun14,A Multi-leaf Faraday Cup Especially for the Therapy of Ocular Tumors with Protons,A MULTI-LEAF FARADAY CUP ESPECIALLY FOR THE THERAPY OF OCULAR TUMORS WITH PROTONS,2014,2014,"Kunert, Christoph; Bundesmann, Jürgen; Damerow, Thassilo; Denker, Andrea; Weber, Andreas","Unknown Journal, pp. 2149-2152",10.18429/jacow-ipac2014-wepro082,https://doi.org/10.18429/jacow-ipac2014-wepro082,,verified_datacite,B_一般离子标定与可借鉴,一般离子探测/标定可借鉴；未确认激光离子实验,法拉第杯/ICT/电离室及电荷剂量监测,,法拉第杯/ICT/电离室及电荷剂量监测,法拉第杯/ICT/电离室及电荷剂量监测,法拉第杯/ICT/电离室及电荷剂量监测,题名及可用摘要线索,charge_dose,targeted_search_20261004,https://api.datacite.org/dois/10.18429%2Fjacow-ipac2014-wepro082,否,not_download_attempted_in_this_survey,,,,,,专题标签仅为题名/摘要线索，不证明论文实际使用该器件；不同场景配置不得继承,本次未做全文科学审核,2026/10/4
未下载,本轮尚未尝试下载,IONDET-0236,Gut12,"LIGHT YIELD, IMAGING PROPERTIES AND SPECTRAL RESPONSE OFINORGANIC SCINTILLATORS UNDER INTENSE ION IRRADIATION","LIGHT YIELD, IMAGING PROPERTIES AND SPECTRAL RESPONSE OFINORGANIC SCINTILLATORS UNDER INTENSE ION IRRADIATION",2012,2012,"E. Gütlich, ..., and B. Walasek-H?hne",Unknown Journal,,,https://www.semanticscholar.org/paper/22734c9d286e410085c0ad76b54f4dac7c039081,no_publication_doi_pending_identity,B_一般离子标定与可借鉴,一般离子探测/标定可借鉴；未确认激光离子实验,,闪烁体/闪烁纤维/堆栈与断层,闪烁体/闪烁纤维/堆栈与断层,闪烁体/闪烁纤维/堆栈与断层,闪烁体/闪烁纤维/堆栈与断层,题名及可用摘要线索,scintillator,targeted_search_20261004,,否,not_download_attempted_in_this_survey,,,,,,专题标签仅为题名/摘要线索，不证明论文实际使用该器件；不同场景配置不得继承；未确认出版DOI；预印本/报告/会议与正式版关系待核对,本次未做全文科学审核,2026/10/4
未下载,本轮尚未尝试下载,IONDET-0391,WEB_Rossomme2012,SU‐E‐T‐146: Reference Dosimetry for Protons and Light‐Ion Beams Based on Graphite Calorimetry,SU-E-T-146: Reference Dosimetry for Protons and Light-Ion Beams Based on Graphite Calorimetry,2012,2012,S Rossomme; H Palmans; R Thomas; N Lee; M Bailey; D Shipley; L Al‐Sulaiti; P Cirrone; F Romano; A Kacperek; D Bertrand; S Vynckier,Medical Physics,10.1118/1.4735204,https://doi.org/10.1118/1.4735204,,verified_crossref,B_一般离子标定与可借鉴,传统质子与轻离子石墨量热参考剂量学；会议摘要，不是激光离子实测证据,量热/吸收剂量绝对测量,,量热/吸收剂量绝对测量,量热/吸收剂量绝对测量,,仅题名/明确人工核对说明,web_dosimetry_review_references,primary_review_reference_check,https://www.frontiersin.org/journals/physics/articles/10.3389/fphy.2021.624963/full,否,not_download_attempted_in_this_survey,,,,https://api.wiley.com/onlinelibrary/tdm/v1/articles/10.1118%2F1.4735204,,专题标签仅为题名/摘要线索，不证明论文实际使用该器件；不同场景配置不得继承,本次未做全文科学审核,2026/10/4
未下载,待寻找公开全文,IONDET-0036,Pra10,Calibration of Thomson parabola—MCP assembly for multi-MeV ion spectroscopy,Calibration of Thomson parabola – MCP assembly for multi-MeV ion spectroscopy,2010,2010,R. Prasad; D. Doria; S. Ter-Avetisyan; P.S. Foster; K.E. Quinn; L. Romagnani; C.M. Brenner; J.S. Green; P. Gallegos; M.J.V. Streeter; D.C. Carroll; O. Tresca; N. Dover; C.A.J. Palmer; J. Schreiber; D. Neely; Z. Najmudin; P. McKenna; M. Zepf; M. Borghesi,"Nuclear Instruments and Methods in Physics Research Section A: Accelerators, Spectrometers, Detectors and Associated Equipment",10.1016/j.nima.2010.02.078,https://doi.org/10.1016/j.nima.2010.02.078,,verified,B_一般离子标定与可借鉴,一般离子探测/标定可借鉴；未确认激光离子实验,汤姆逊抛物线/电磁联合能谱仪,微通道板MCP及倍增读出,汤姆逊抛物线/电磁联合能谱仪; 微通道板MCP及倍增读出; 标定/反演/饱和与EMP抗扰,汤姆逊抛物线/电磁联合能谱仪; 微通道板MCP及倍增读出; 标定/反演/饱和与EMP抗扰,,仅题名/明确人工核对说明,mcp,previous_224,https://api.crossref.org/works/10.1016%2Fj.nima.2010.02.078,否,needs_public_fulltext,,,,,,专题标签仅为题名/摘要线索，不证明论文实际使用该器件；不同场景配置不得继承,本次未做全文科学审核,2026/10/4
未下载,本轮尚未尝试下载,IONDET-0254,Fre10,"Calibration of a Thomson parabola ion spectrometer and Fujifilm imaging plates for energetic protons, deuterons, and alpha particles","Calibration of a Thomson parabola ion spectrometer and Fujifilm imaging plates for energetic protons, deuterons, and alpha particles",2010,2010,"C. Freeman, ..., and N. Sinenian",Bulletin of the American Physical Society,,,https://www.semanticscholar.org/paper/0a9350def9d24bc452a96296ed60011eb27b8ccd,no_publication_doi_pending_identity,B_一般离子标定与可借鉴,一般离子探测/标定可借鉴；未确认激光离子实验,汤姆逊抛物线/电磁联合能谱仪,成像板IP/PSL,汤姆逊抛物线/电磁联合能谱仪; 成像板IP/PSL; 标定/反演/饱和与EMP抗扰,汤姆逊抛物线/电磁联合能谱仪; 成像板IP/PSL; 标定/反演/饱和与EMP抗扰,,仅题名/明确人工核对说明,imageplate,targeted_search_20261004,,否,not_download_attempted_in_this_survey,,,,,,专题标签仅为题名/摘要线索，不证明论文实际使用该器件；不同场景配置不得继承；未确认出版DOI；预印本/报告/会议与正式版关系待核对,本次未做全文科学审核,2026/10/4
未下载,待寻找公开全文,IONDET-0141,Kir10,LET dependence of GafChromic films and an ion chamber in low-energy proton dosimetry,LET dependence of GafChromic films and an ion chamber in low-energy proton dosimetry,2010,2010,Daniel Kirby; Stuart Green; Hugo Palmans; Richard Hugtenburg; Cecile Wojnecki; David Parker,Physics in Medicine and Biology,10.1088/0031-9155/55/2/006,https://doi.org/10.1088/0031-9155/55/2/006,,verified,B_一般离子标定与可借鉴,一般离子探测/标定可借鉴；未确认激光离子实验,,RCF/放射变色膜,RCF/放射变色膜,RCF/放射变色膜,,仅题名/明确人工核对说明,,previous_224,https://api.crossref.org/works/10.1088%2F0031-9155%2F55%2F2%2F006,否,needs_public_fulltext,,,,,,专题标签仅为题名/摘要线索，不证明论文实际使用该器件；不同场景配置不得继承,本次未做全文科学审核,2026/10/4
未下载,本轮尚未尝试下载,IONDET-0290,Lor08,Reference dosimetry in a scanned pulsed proton beam using ionisation chambers and a Faraday cup,Reference dosimetry in a scanned pulsed proton beam using ionisation chambers and a Faraday cup,2008,2008,Stefan Lorin; Erik Grusell; Nina Tilly; Joakim Medin; Peter Kimstrand; Bengt Glimelius,Physics in Medicine and Biology,10.1088/0031-9155/53/13/008,https://doi.org/10.1088/0031-9155/53/13/008,,verified_crossref,B_一般离子标定与可借鉴,一般离子探测/标定可借鉴；未确认激光离子实验,法拉第杯/ICT/电离室及电荷剂量监测,,法拉第杯/ICT/电离室及电荷剂量监测,法拉第杯/ICT/电离室及电荷剂量监测,,仅题名/明确人工核对说明,charge_dose,targeted_search_20261004,https://api.crossref.org/works/10.1088%2F0031-9155%2F53%2F13%2F008,否,not_download_attempted_in_this_survey,,,,,,专题标签仅为题名/摘要线索，不证明论文实际使用该器件；不同场景配置不得继承,本次未做全文科学审核,2026/10/4
未下载,待寻找公开全文,IONDET-0048,Bre04b,A new algorithm for spectral and spatial reconstruction of proton beams from dosimetric measurements,A new algorithm for spectral and spatial reconstruction of proton beams from dosimetric measurements,2004,2004,E. Breschi; M. Borghesi; M. Galimberti; D. Giulietti; L.A. Gizzi; L. Romagnani,"Nuclear Instruments and Methods in Physics Research Section A: Accelerators, Spectrometers, Detectors and Associated Equipment",10.1016/j.nima.2003.11.199,https://doi.org/10.1016/j.nima.2003.11.199,,verified,B_一般离子标定与可借鉴,一般离子探测/标定可借鉴；未确认激光离子实验,,,标定/反演/饱和与EMP抗扰,标定/反演/饱和与EMP抗扰,,仅题名/明确人工核对说明,,previous_224,https://api.crossref.org/works/10.1016%2Fj.nima.2003.11.199,否,needs_public_fulltext,,,,,,专题标签仅为题名/摘要线索，不证明论文实际使用该器件；不同场景配置不得继承,本次未做全文科学审核,2026/10/4
未下载,本轮尚未尝试下载,IONDET-0380,Koj03,3–45MeV/u ion beam dosimetry using thin film dosimeters,3-45 MeV/u ion beam dosimetry using thin film dosimeters,2003,2003,T. Kojima; H. Sunaga; H. Takizawa; H. Hanaya; H. Tachibana,Radiation Physics and Chemistry,10.1016/j.radphyschem.2003.02.001,https://doi.org/10.1016/j.radphyschem.2003.02.001,,verified_crossref,B_一般离子标定与可借鉴,一般离子探测/标定可借鉴；未确认激光离子实验,,,,,,仅题名/明确人工核对说明,review_references,targeted_search_20261004,https://api.crossref.org/works/10.1016%2Fj.radphyschem.2003.02.001,否,not_download_attempted_in_this_survey,,,,,,专题标签仅为题名/摘要线索，不证明论文实际使用该器件；不同场景配置不得继承,本次未做全文科学审核,2026/10/4
未下载,本轮尚未尝试下载,IONDET-0244,Szy03b,CALIBRATION AND APPLICATION OF CR-39 TYPE NUCLEAR TRACK DETECTORS IN PLASMA FOCUS AND OTHER PLASMA EXPERIMENTS,CALIBRATION AND APPLICATION OF CR-39 TYPE NUCLEAR TRACK DETECTORS IN PLASMA FOCUS AND OTHER PLASMA EXPERIMENTS,2003,2003,A. Szydlowski; A. Banaszak; Marek Sadowski; M. Scholz,High Temperature Material Processes (An International Quarterly of High-Technology Plasma Processes),10.1615/hightempmatproc.v7.i4.110,https://doi.org/10.1615/hightempmatproc.v7.i4.110,,verified_crossref,B_一般离子标定与可借鉴,一般离子探测/标定可借鉴；未确认激光离子实验,,CR-39/PADC/PM-355及固体蚀刻径迹,CR-39/PADC/PM-355及固体蚀刻径迹; 标定/反演/饱和与EMP抗扰,CR-39/PADC/PM-355及固体蚀刻径迹; 标定/反演/饱和与EMP抗扰,,仅题名/明确人工核对说明,tracks,targeted_search_20261004,https://api.crossref.org/works/10.1615%2Fhightempmatproc.v7.i4.110,否,not_download_attempted_in_this_survey,,,,,,专题标签仅为题名/摘要线索，不证明论文实际使用该器件；不同场景配置不得继承,本次未做全文科学审核,2026/10/4
未下载,本轮尚未尝试下载,IONDET-0280,Mao00,A Faraday Cup for Measuring 100MeV Protons,A Faraday Cup for Measuring 100MeV Protons,2000,2000,"Rui-Shi Mao, Guo-Qing Xiao",Unknown Journal,,,https://www.semanticscholar.org/paper/70a4882829820eeaf6e15fde393ce0e4c1c3e644,no_publication_doi_pending_identity,B_一般离子标定与可借鉴,一般离子探测/标定可借鉴；未确认激光离子实验,法拉第杯/ICT/电离室及电荷剂量监测,,法拉第杯/ICT/电离室及电荷剂量监测,法拉第杯/ICT/电离室及电荷剂量监测,,仅题名/明确人工核对说明,charge_dose,targeted_search_20261004,,否,not_download_attempted_in_this_survey,,,,,,专题标签仅为题名/摘要线索，不证明论文实际使用该器件；不同场景配置不得继承；未确认出版DOI；预印本/报告/会议与正式版关系待核对,本次未做全文科学审核,2026/10/4
未下载,本轮尚未尝试下载,IONDET-0250,Sad98,CALIBRATION AND APPLICATION OF NUCLEAR TRACK DETECTORS FOR HIGH-TEMPERATURE PLASMA DIAGNOSTICS,CALIBRATION AND APPLICATION OF NUCLEAR TRACK DETECTORS FOR HIGH-TEMPERATURE PLASMA DIAGNOSTICS,1998,1998,"M. Sadowski, ..., and A. Korman",Unknown Journal,,,https://www.semanticscholar.org/paper/05a7dd85401f9689f1472b3ddf618de7273585b9,no_publication_doi_pending_identity,B_一般离子标定与可借鉴,一般离子探测/标定可借鉴；未确认激光离子实验,,CR-39/PADC/PM-355及固体蚀刻径迹,CR-39/PADC/PM-355及固体蚀刻径迹; 标定/反演/饱和与EMP抗扰,标定/反演/饱和与EMP抗扰,CR-39/PADC/PM-355及固体蚀刻径迹; 标定/反演/饱和与EMP抗扰,题名及可用摘要线索,tracks,targeted_search_20261004,,否,not_download_attempted_in_this_survey,,,,,,专题标签仅为题名/摘要线索，不证明论文实际使用该器件；不同场景配置不得继承；未确认出版DOI；预印本/报告/会议与正式版关系待核对,本次未做全文科学审核,2026/10/4
未下载,本轮尚未尝试下载,IONDET-0276,Cam97; Cam97b,Proton beam dosimetry: A comparison between the Faraday cup and an ionization chamber,Proton beam dosimetry: A comparison between the Faraday cup and an ionization chamber,1997,1997,R Cambria; J Hérault; N Brassart; M Silari; P Chauvel,Physics in Medicine and Biology,10.1088/0031-9155/42/6/014,https://doi.org/10.1088/0031-9155/42/6/014,,verified_crossref,B_一般离子标定与可借鉴,一般离子探测/标定可借鉴；未确认激光离子实验,法拉第杯/ICT/电离室及电荷剂量监测; 量热/吸收剂量绝对测量,,法拉第杯/ICT/电离室及电荷剂量监测; 量热/吸收剂量绝对测量; 标定/反演/饱和与EMP抗扰,法拉第杯/ICT/电离室及电荷剂量监测,法拉第杯/ICT/电离室及电荷剂量监测; 量热/吸收剂量绝对测量; 标定/反演/饱和与EMP抗扰,题名及可用摘要线索,charge_dose,targeted_search_20261004,https://api.crossref.org/works/10.1088%2F0031-9155%2F42%2F6%2F014,否,not_download_attempted_in_this_survey,,,,,,专题标签仅为题名/摘要线索，不证明论文实际使用该器件；不同场景配置不得继承,本次未做全文科学审核,2026/10/4
未下载,本轮尚未尝试下载,IONDET-0308,Rui96,Direct nuclear activation diagnostics of intense ion beams on PBFA IIX,Direct nuclear activation diagnostics of intense ion beams on PBFA IIX,1996,1996,C.L. Ruiz; G.W. Cooper; G. Chambers; F.A. Schmidlapp,IEEE Conference Record - Abstracts. 1996 IEEE International Conference on Plasma Science,10.1109/plasma.1996.550248,https://doi.org/10.1109/plasma.1996.550248,,verified_crossref,B_一般离子标定与可借鉴,一般离子探测/标定可借鉴；未确认激光离子实验,核活化/核反应间接离子诊断,,核活化/核反应间接离子诊断,核活化/核反应间接离子诊断,,仅题名/明确人工核对说明,activation_calorimetry,targeted_search_20261004,https://api.crossref.org/works/10.1109%2Fplasma.1996.550248,否,not_download_attempted_in_this_survey,,,,,,专题标签仅为题名/摘要线索，不证明论文实际使用该器件；不同场景配置不得继承,本次未做全文科学审核,2026/10/4
未下载,本轮尚未尝试下载,IONDET-0334,Yas08,Multi-dimensional diagnostics for intense ion beams,Multi‐dimensional diagnostics for intense ion beams,1996,2008,K. Yasuike; T. Yamashita; T. Ochi; M. Urai; S. Miyamoto; K. Imasaki; C. Yamanaka; S. Nakai,AIP Conference Proceedings,10.1063/1.50384,https://doi.org/10.1063/1.50384,,verified_crossref,B_一般离子标定与可借鉴,摘要为脉冲功率离子源，不是激光离子加速实验,,,,,,题名及可用摘要线索,emp_reconstruction,targeted_search_20261004,https://api.crossref.org/works/10.1063%2F1.50384,否,not_download_attempted_in_this_survey,,,,,,专题标签仅为题名/摘要线索，不证明论文实际使用该器件；不同场景配置不得继承,本次未做全文科学审核,2026/10/4
未下载,本轮尚未尝试下载,IONDET-0279,Gru95; Gru95b,Faraday cup dosimetry in a proton therapy beam without collimation,Faraday cup dosimetry in a proton therapy beam without collimation.,1995,1995,E Grusell; U Isacsson; A Montelius; J Medin,Physics in Medicine and Biology,10.1088/0031-9155/40/11/005,https://doi.org/10.1088/0031-9155/40/11/005,,verified_crossref,B_一般离子标定与可借鉴,一般离子探测/标定可借鉴；未确认激光离子实验,法拉第杯/ICT/电离室及电荷剂量监测,,法拉第杯/ICT/电离室及电荷剂量监测; 标定/反演/饱和与EMP抗扰,法拉第杯/ICT/电离室及电荷剂量监测,法拉第杯/ICT/电离室及电荷剂量监测; 标定/反演/饱和与EMP抗扰,题名及可用摘要线索,charge_dose,targeted_search_20261004,https://api.crossref.org/works/10.1088%2F0031-9155%2F40%2F11%2F005,否,not_download_attempted_in_this_survey,,,,,,专题标签仅为题名/摘要线索，不证明论文实际使用该器件；不同场景配置不得继承,本次未做全文科学审核,2026/10/4
未下载,本轮尚未尝试下载,IONDET-0316,Rui94,Direct nuclear activation diagnostics for intense particle beams,Direct nuclear activation diagnostics for intense particle beams,1994,1994,"C. Ruiz, ..., and F. A. Schmidlapp",Unknown Journal,,,https://www.semanticscholar.org/paper/b6a6f28d250742f5822a3d7434a8d208ac4a3544,no_publication_doi_pending_identity,B_一般离子标定与可借鉴,一般离子探测/标定可借鉴；未确认激光离子实验,核活化/核反应间接离子诊断,,核活化/核反应间接离子诊断; 标定/反演/饱和与EMP抗扰,核活化/核反应间接离子诊断,核活化/核反应间接离子诊断; 标定/反演/饱和与EMP抗扰,题名及可用摘要线索,activation_calorimetry,targeted_search_20261004,,否,not_download_attempted_in_this_survey,,,,,,专题标签仅为题名/摘要线索，不证明论文实际使用该器件；不同场景配置不得继承；未确认出版DOI；预印本/报告/会议与正式版关系待核对,本次未做全文科学审核,2026/10/4
未下载,本轮尚未尝试下载,IONDET-0262,Hir87,Magnetic energy analyzer with a microchannel plate calibrated using cellulose nitrate film,Magnetic energy analyzer with a microchannel plate calibrated using cellulose nitrate film,1987,1987,Katsumi Hirano; Toshikazu Yamamoto; Yushiro Okabe; Katsuji Shimoda,Review of Scientific Instruments,10.1063/1.1139560,https://doi.org/10.1063/1.1139560,,verified_crossref,B_一般离子标定与可借鉴,一般离子探测/标定可借鉴；未确认激光离子实验,,CR-39/PADC/PM-355及固体蚀刻径迹; 微通道板MCP及倍增读出,CR-39/PADC/PM-355及固体蚀刻径迹; 微通道板MCP及倍增读出; 标定/反演/饱和与EMP抗扰,微通道板MCP及倍增读出; 标定/反演/饱和与EMP抗扰,CR-39/PADC/PM-355及固体蚀刻径迹; 微通道板MCP及倍增读出; 标定/反演/饱和与EMP抗扰,题名及可用摘要线索,mcp,targeted_search_20261004,https://api.crossref.org/works/10.1063%2F1.1139560,否,not_download_attempted_in_this_survey,,,,https://pubs.aip.org/aip/rsi/article-pdf/58/1/20/19190175/20_1_online.pdf,,专题标签仅为题名/摘要线索，不证明论文实际使用该器件；不同场景配置不得继承,本次未做全文科学审核,2026/10/4
未下载,待寻找公开全文,IONDET-0199,Gao25,Hunting for sources of variability in laser-proton acceleration with thin foils,Hunting for sources of variability in laser-proton acceleration with thin foils,2025,2025,Ying Gao; Jianhui Bin; Daniel Haffa; Jens Hartmann; Thomas F. R?sch; Florian H. Lindner; Martin Speicher; Rong Yang; Tobias M. Ostermayr; Franz S. Englbrecht; Peter Hilz; Christian Kreuzer; Sebastian Lehrack; Johannes Gebhard; Hao Ding; Leonard Doyle; Stefan Karsch; Paul R. Bolton; Katia Parodi; Wenjun Ma; J?rg Schreiber,Physics of Plasmas,10.1063/5.0246173,https://doi.org/10.1063/5.0246173,,verified,C_应用背景或方法支撑,激光离子应用或物理研究中的诊断线索；并非探测器专论,,,,,,题名及可用摘要线索,,previous_224,https://api.crossref.org/works/10.1063%2F5.0246173,否,needs_public_fulltext,,,,https://pubs.aip.org/aip/pop/article-pdf/doi/10.1063/5.0246173/20468447/043102_1_5.0246173.pdf,,专题标签仅为题名/摘要线索，不证明论文实际使用该器件；不同场景配置不得继承,本次未做全文科学审核,2026/10/4
未下载,待寻找公开全文,IONDET-0224,Li21,Influence factors of resolution in laser accelerated proton radiography and image deblurring,Influence factors of resolution in laser accelerated proton radiography and image deblurring,2021,2021,D. Y. Li; X. H. Xu; T. Yang; M. J. Wu; Y. F. Zhang; H. Cheng; X. Y. Hu; Y. X. Geng; J. G. Zhu; Y. Y. Zhao; K. Zhu; W. J. Ma; C. Lin; X. Q. Yan,AIP Advances,10.1063/5.0039364,https://doi.org/10.1063/5.0039364,,verified,C_应用背景或方法支撑,激光离子应用或物理研究中的诊断线索；并非探测器专论,,RCF/放射变色膜; CR-39/PADC/PM-355及固体蚀刻径迹,RCF/放射变色膜; CR-39/PADC/PM-355及固体蚀刻径迹; 标定/反演/饱和与EMP抗扰,,RCF/放射变色膜; CR-39/PADC/PM-355及固体蚀刻径迹; 标定/反演/饱和与EMP抗扰,题名及可用摘要线索,,previous_224,https://api.crossref.org/works/10.1063%2F5.0039364,否,needs_public_fulltext,,,,https://pubs.aip.org/aip/adv/article-pdf/doi/10.1063/5.0039364/12906642/085316_1_online.pdf; https://pubs.aip.org/aip/adv/article-pdf/doi/10.1063/5.0039364/12906642/085316_1_online.pdf,,专题标签仅为题名/摘要线索，不证明论文实际使用该器件；不同场景配置不得继承,本次未做全文科学审核,2026/10/4
未下载,待寻找公开全文,IONDET-0074,Sal20b,Assessment of sensitivity improvement for Time-Of-Flight schemes in experiments with high intensity lasers.,Assessment of sensitivity improvement for Time-Of-Flight schemes in experiments with high intensity lasers.,2020,2020,M. Salvadori; F. Consoli; C. Verona; M. Cipriani; P. L. Andreoli; G. Cristofari; R. De Angelis; G. Di Giorgio; D. Giulietti; M.P. Anania; F. Bisesto; G. Costa; M. Ferrario; M. Galletti; R. Pompili; A. Zigler; P. Antici; M. Migliorati,Journal of Instrumentation,10.1088/1748-0221/15/10/c10002,https://doi.org/10.1088/1748-0221/15/10/c10002,,verified,C_应用背景或方法支撑,激光设施EMP/电子学方法支撑；不等于离子探测实验,飞行时间TOF/时间分辨,,飞行时间TOF/时间分辨; 标定/反演/饱和与EMP抗扰,飞行时间TOF/时间分辨,飞行时间TOF/时间分辨; 标定/反演/饱和与EMP抗扰,题名及可用摘要线索,emp_reconstruction; tof,previous_224,https://api.crossref.org/works/10.1088%2F1748-0221%2F15%2F10%2Fc10002,否,needs_public_fulltext,,,,https://iopscience.iop.org/article/10.1088/1748-0221/15/10/C10002/pdf; https://iopscience.iop.org/article/10.1088/1748-0221/15/10/C10002/pdf,,专题标签仅为题名/摘要线索，不证明论文实际使用该器件；不同场景配置不得继承,本次未做全文科学审核,2026/10/4
未下载,待寻找公开全文,IONDET-0073,Sch19,An online beam profiler for laser-accelerated protons,An online beam profiler for laser-accelerated protons.,2019,2019,K. M. Schwind; E. Aktan; R. Prasad; M. Cerchez; D. Eversheim; O. Willi; B. Aurand,Review of Scientific Instruments,10.1063/1.5086248,https://doi.org/10.1063/1.5086248,,verified,C_应用背景或方法支撑,激光离子应用或物理研究中的诊断线索；并非探测器专论,,闪烁体/闪烁纤维/堆栈与断层,闪烁体/闪烁纤维/堆栈与断层; 标定/反演/饱和与EMP抗扰,,闪烁体/闪烁纤维/堆栈与断层; 标定/反演/饱和与EMP抗扰,题名及可用摘要线索,scintillator,previous_224,https://api.crossref.org/works/10.1063%2F1.5086248,否,needs_public_fulltext,,,,https://pubs.aip.org/aip/rsi/article-pdf/doi/10.1063/1.5086248/14696708/053307_1_online.pdf,,专题标签仅为题名/摘要线索，不证明论文实际使用该器件；不同场景配置不得继承,本次未做全文科学审核,2026/10/4
未下载,本轮尚未尝试下载,IONDET-0372,Doh19,Ion energy distribution from colliding laser plasmas,Ion energy distribution from colliding laser plasmas,2019,2019,C B Doherty; M Kelly; T Donnelly; J G Lunney; J T Costello,Journal of Physics: Conference Series,10.1088/1742-6596/1289/1/012033,https://doi.org/10.1088/1742-6596/1289/1/012033,,verified_crossref,C_应用背景或方法支撑,激光离子应用或物理研究中的诊断线索；并非探测器专论,静电能量分析器/阻滞场与离子探针; 飞行时间TOF/时间分辨,,静电能量分析器/阻滞场与离子探针; 飞行时间TOF/时间分辨,,静电能量分析器/阻滞场与离子探针; 飞行时间TOF/时间分辨,题名及可用摘要线索,electrostatic_laser,targeted_search_20261004,https://api.crossref.org/works/10.1088%2F1742-6596%2F1289%2F1%2F012033,否,not_download_attempted_in_this_survey,,,,https://iopscience.iop.org/article/10.1088/1742-6596/1289/1/012033/pdf; https://iopscience.iop.org/article/10.1088/1742-6596/1289/1/012033/pdf; https://iopscience.iop.org/article/10.1088/1742-6596/1289/1/012033/pdf; https://iopscience.iop.org/article/10.1088/1742-6596/1289/1/012033/pdf; https://iopscience.iop.org/article/10.1088/1742-6596/1289/1/012033/pdf,,专题标签仅为题名/摘要线索，不证明论文实际使用该器件；不同场景配置不得继承,本次未做全文科学审核,2026/10/4
未下载,待寻找公开全文,IONDET-0158,Val19,The laser-driven ion acceleration beamline on the ALLS 200 TW for testing nanowire targets,The laser-driven ion acceleration beamline on the ALLS 200 TW for testing nanowire targets,2019,2019,Simon Vallières; Pilar Puyuelo Valdés; Martina Salvadori; Charles Bienvenue; Stéphane Payeur; Emmanuel d'Humières; Patrizio Antici,"Laser Acceleration of Electrons, Protons, and Ions V",10.1117/12.2520178,https://doi.org/10.1117/12.2520178,,verified,C_应用背景或方法支撑,激光离子应用或物理研究中的诊断线索；并非探测器专论,汤姆逊抛物线/电磁联合能谱仪; 飞行时间TOF/时间分辨,RCF/放射变色膜; 微通道板MCP及倍增读出,汤姆逊抛物线/电磁联合能谱仪; 飞行时间TOF/时间分辨; RCF/放射变色膜; 微通道板MCP及倍增读出; 标定/反演/饱和与EMP抗扰,,汤姆逊抛物线/电磁联合能谱仪; 飞行时间TOF/时间分辨; RCF/放射变色膜; 微通道板MCP及倍增读出; 标定/反演/饱和与EMP抗扰,题名及可用摘要线索,,previous_224,https://api.crossref.org/works/10.1117%2F12.2520178,否,needs_public_fulltext,,,,,,专题标签仅为题名/摘要线索，不证明论文实际使用该器件；不同场景配置不得继承,本次未做全文科学审核,2026/10/4
未下载,本轮尚未尝试下载,IONDET-0329,Sel18,Time-dependant Nyquist limited Fourier transform analysis of electromagnetic pulse data,Time-dependant Nyquist limited Fourier transform analysis of electromagnetic pulse data,2018,2018,"M. Selwood, ..., and D. Neely",Unknown Journal,,,https://www.semanticscholar.org/paper/3340f35e84222d92a06788cb524195962102322a,no_publication_doi_pending_identity,C_应用背景或方法支撑,激光设施EMP/电子学方法支撑；不等于离子探测实验,,,标定/反演/饱和与EMP抗扰,标定/反演/饱和与EMP抗扰,标定/反演/饱和与EMP抗扰,题名及可用摘要线索,emp_reconstruction,targeted_search_20261004,,否,not_download_attempted_in_this_survey,,,,,,专题标签仅为题名/摘要线索，不证明论文实际使用该器件；不同场景配置不得继承；未确认出版DOI；预印本/报告/会议与正式版关系待核对,本次未做全文科学审核,2026/10/4
未下载,本轮尚未尝试下载,IONDET-0388,Bel17,Characterization of protons accelerated from a 3 TW table-top laser system,Characterization of protons accelerated from a 3 TW table-top laser system,2017,2017,P. Bellido; R. Lera; M. Seimetz; A. Ruiz-de la Cruz; S. Torres-Peirò; M. Galán; P. Mur; I. Sánchez; R. Zaffino; L. Vidal; A. Soriano; S. Sánchez; F. Sánchez; M.J. Rodríguez-álvarez; J.P. Rigla; L. Moliner; A. Iborra; L. Hernández; D. Grau-Ruiz; A.J. González; J.J. García-Garrigos; E. Díaz-Caballero; P. Conde; A. Aguilar; L. Roso; J.M. Benlloch,Journal of Instrumentation,10.1088/1748-0221/12/05/t05001,https://doi.org/10.1088/1748-0221/12/05/t05001,,verified_crossref,C_应用背景或方法支撑,激光离子应用或物理研究中的诊断线索；并非探测器专论,,,,,,题名及可用摘要线索,review_citations,targeted_search_20261004,https://api.crossref.org/works/10.1088%2F1748-0221%2F12%2F05%2Ft05001,否,not_download_attempted_in_this_survey,,,,http://stacks.iop.org/1748-0221/12/i=05/a=T05001/pdf; http://stacks.iop.org/1748-0221/12/i=05/a=T05001/pdf,,专题标签仅为题名/摘要线索，不证明论文实际使用该器件；不同场景配置不得继承,本次未做全文科学审核,2026/10/4
未下载,本轮尚未尝试下载,IONDET-0330,Car17,"Effects of Pulse Duration, Energy and Target Type on the frequencies of Electromagnetic Pulses in a Petawatt laser system","Effects of Pulse Duration, Energy and Target Type on the frequencies of Electromagnetic Pulses in a Petawatt laser system",2017,2017,"D. Carroll, M. Bone, D. Neely",Unknown Journal,,,https://www.semanticscholar.org/paper/e3dfb7713e4174820ab8ba05339115206c6f8896,no_publication_doi_pending_identity,C_应用背景或方法支撑,激光设施EMP/电子学方法支撑；不等于离子探测实验,,,标定/反演/饱和与EMP抗扰,标定/反演/饱和与EMP抗扰,标定/反演/饱和与EMP抗扰,题名及可用摘要线索,emp_reconstruction,targeted_search_20261004,,否,not_download_attempted_in_this_survey,,,,,,专题标签仅为题名/摘要线索，不证明论文实际使用该器件；不同场景配置不得继承；未确认出版DOI；预印本/报告/会议与正式版关系待核对,本次未做全文科学审核,2026/10/4
未下载,本轮尚未尝试下载,IONDET-0349,Pom17,Spectral and spatial shaping of a laser-produced ion beam for radiation-biology experiments,Spectral and spatial shaping of a laser-produced ion beam for radiation-biology experiments,2017,2017,L. Pommarel; B. Vauzour; F. Mégnin-Chanet; E. Bayart; O. Delmas; F. Goudjil; C. Nauraye; V. Letellier; F. Pouzoulet; F. Schillaci; F. Romano; V. Scuderi; G.?A.?P. Cirrone; E. Deutsch; A. Flacco; V. Malka,Physical Review Accelerators and Beams,10.1103/physrevaccelbeams.20.032801,https://doi.org/10.1103/physrevaccelbeams.20.032801,,verified_crossref,C_应用背景或方法支撑,激光离子应用或物理研究中的诊断线索；并非探测器专论,,,标定/反演/饱和与EMP抗扰,,标定/反演/饱和与EMP抗扰,题名及可用摘要线索,calorimeter_laser,targeted_search_20261004,https://api.crossref.org/works/10.1103%2Fphysrevaccelbeams.20.032801,否,not_download_attempted_in_this_survey,,,,,,专题标签仅为题名/摘要线索，不证明论文实际使用该器件；不同场景配置不得继承,本次未做全文科学审核,2026/10/4
未下载,本轮尚未尝试下载,IONDET-0382,Sch16,Invited Review Article: “Hands-on” laser-driven ion acceleration: A primer for laser-driven source development and potential applications,"Invited Review Article: ""Hands-on"" laser-driven ion acceleration: A primer for laser-driven source development and potential applications.",2016,2016,J. Schreiber; P. R. Bolton; K. Parodi,Review of Scientific Instruments,10.1063/1.4959198,https://doi.org/10.1063/1.4959198,,verified_crossref,C_应用背景或方法支撑,激光离子应用或物理研究中的诊断线索；并非探测器专论,,,,,,题名及可用摘要线索,review_citations,targeted_search_20261004,https://api.crossref.org/works/10.1063%2F1.4959198,否,not_download_attempted_in_this_survey,,,,https://pubs.aip.org/aip/rsi/article-pdf/doi/10.1063/1.4959198/14732274/071101_1_online.pdf; https://pubs.aip.org/aip/rsi/article-pdf/doi/10.1063/1.4959198/14732274/071101_1_online.pdf,,专题标签仅为题名/摘要线索，不证明论文实际使用该器件；不同场景配置不得继承,本次未做全文科学审核,2026/10/4
未下载,本轮尚未尝试下载,IONDET-0343,Cir15c,Design and Status of the ELIMED Beam Line for Laser-Driven Ion Beams,Design and status of the ELIMED beam line for laser-driven ion beams,2015,2015,G. Cirrone; Giacomo Cuttone; Francesco Romano; Francesco Schillaci; Valentina Scuderi; Antonino Amato; Giacomo Candiano; Michele Costa; Giuseppe Gallo; Giuseppina Larosa; Georg Korn; Renata Leanza; Rosanna Manna; Mario Maggiore; Valentina Marchese; Daniele Margarone; Giuliana Milluzzo; Giada Petringa; Antonella Tramontana,Applied Sciences,10.3390/app5030427,https://doi.org/10.3390/app5030427,,verified_crossref,C_应用背景或方法支撑,激光离子应用或物理研究中的诊断线索；并非探测器专论,,,,,,题名及可用摘要线索,charge_laser,targeted_search_20261004,https://api.crossref.org/works/10.3390%2Fapp5030427,否,not_download_attempted_in_this_survey,,,,,,专题标签仅为题名/摘要线索，不证明论文实际使用该器件；不同场景配置不得继承,本次未做全文科学审核,2026/10/4
未下载,本轮尚未尝试下载,IONDET-0266,Koc13,OPERATING SEMICONDUCT OR TIMEPIX DETECTOR WITH OPTICAL READOUT IN AN EXTREMELY HOSTILE ENVIRONMENT OF LASER PLASMA ACCELERATION EXPERIMENT,OPERATING SEMICONDUCT OR TIMEPIX DETECTOR WITH OPTICAL READOUT IN AN EXTREMELY HOSTILE ENVIRONMENT OF LASER PLASMA ACCELERATION EXPERIMENT,2013,2013,"D. Kocoń, ..., and M. Platkevi?",Unknown Journal,,,https://www.semanticscholar.org/paper/5fbe09845cb66034e8183ae5383d191d147bea0c,no_publication_doi_pending_identity,C_应用背景或方法支撑,激光设施EMP/电子学方法支撑；不等于离子探测实验,,半导体/金刚石/SiC/Si及像素探测,半导体/金刚石/SiC/Si及像素探测; 标定/反演/饱和与EMP抗扰,半导体/金刚石/SiC/Si及像素探测,半导体/金刚石/SiC/Si及像素探测; 标定/反演/饱和与EMP抗扰,题名及可用摘要线索,semiconductor,targeted_search_20261004,,否,not_download_attempted_in_this_survey,,,,,,专题标签仅为题名/摘要线索，不证明论文实际使用该器件；不同场景配置不得继承；未确认出版DOI；预印本/报告/会议与正式版关系待核对；CCD/CMOS光学读出与直接半导体离子探测角色须全文区分,本次未做全文科学审核,2026/10/4
未下载,本轮尚未尝试下载,IONDET-0352,Kar12b,"Dose rate dependence for different dosimeters and detectors: TLD, OSL, EBT films, and diamond detectors","Dose rate dependence for different dosimeters and detectors: TLD, OSL, EBT films, and diamond detectors.",2012,2012,L. Karsch; E. Beyreuther; T. Burris‐Mog; S. Kraft; C. Richter; K. Zeil; J. Pawelke,Medical Physics,10.1118/1.3700400,https://doi.org/10.1118/1.3700400,,verified_crossref,C_应用背景或方法支撑,面向激光离子应用的剂量率研究，但实际测试用ELBE电子束；不能当作离子响应实测,法拉第杯/ICT/电离室及电荷剂量监测,RCF/放射变色膜; 半导体/金刚石/SiC/Si及像素探测; 热释光TLD/光释光OSL剂量计,RCF/放射变色膜; 半导体/金刚石/SiC/Si及像素探测; 法拉第杯/ICT/电离室及电荷剂量监测; 热释光TLD/光释光OSL剂量计,半导体/金刚石/SiC/Si及像素探测; 热释光TLD/光释光OSL剂量计,RCF/放射变色膜; 半导体/金刚石/SiC/Si及像素探测; 法拉第杯/ICT/电离室及电荷剂量监测; 热释光TLD/光释光OSL剂量计,题名及可用摘要线索,luminescence_laser,targeted_search_20261004,https://api.crossref.org/works/10.1118%2F1.3700400,否,not_download_attempted_in_this_survey,,,,https://api.wiley.com/onlinelibrary/tdm/v1/articles/10.1118%2F1.3700400,,专题标签仅为题名/摘要线索，不证明论文实际使用该器件；不同场景配置不得继承；CCD/CMOS光学读出与直接半导体离子探测角色须全文区分,本次未做全文科学审核,2026/10/4
未下载,先确认文献身份再找全文,IONDET-0221,12-Jun,Ion acceleration from relativistic laser nano-target interaction,Ion acceleration from relativistic laser nano-target interaction,2012,2012,,,,,https://www.semanticscholar.org/paper/495ffe0e6af40e5eec56c6b5a553a919ac4c2b65,no_publication_doi_pending_identity,C_应用背景或方法支撑,激光离子应用或物理研究中的诊断线索；并非探测器专论,磁谱仪/宽角与成像能谱仪; 汤姆逊抛物线/电磁联合能谱仪,,磁谱仪/宽角与成像能谱仪; 汤姆逊抛物线/电磁联合能谱仪,,磁谱仪/宽角与成像能谱仪; 汤姆逊抛物线/电磁联合能谱仪,题名及可用摘要线索,,previous_224,,否,needs_identity_and_fulltext,,,,,,专题标签仅为题名/摘要线索，不证明论文实际使用该器件；不同场景配置不得继承；未确认出版DOI；预印本/报告/会议与正式版关系待核对,本次未做全文科学审核,2026/10/4
未下载,先确认文献身份再找全文,IONDET-0181,Aur11,Development and Test of New Thomson-Parabolas for Laser-Ion-Acceleration,Development and Test of New Thomson-Parabolas for Laser-Ion-Acceleration,2011,2011,,,,,https://www.semanticscholar.org/paper/6944e6557bd505aea7e1c1d9657b144c7ab1d036,no_publication_doi_pending_identity,C_应用背景或方法支撑,激光离子应用或物理研究中的诊断线索；并非探测器专论,汤姆逊抛物线/电磁联合能谱仪,成像板IP/PSL,汤姆逊抛物线/电磁联合能谱仪; 成像板IP/PSL; 标定/反演/饱和与EMP抗扰,汤姆逊抛物线/电磁联合能谱仪,汤姆逊抛物线/电磁联合能谱仪; 成像板IP/PSL; 标定/反演/饱和与EMP抗扰,题名及可用摘要线索,,previous_224,,否,needs_identity_and_fulltext,,,,,,专题标签仅为题名/摘要线索，不证明论文实际使用该器件；不同场景配置不得继承；未确认出版DOI；预印本/报告/会议与正式版关系待核对,本次未做全文科学审核,2026/10/4
未下载,待寻找公开全文,IONDET-0089,11-Jun,Development of a high resolution and high dispersion Thomson parabola,Development of a high resolution and high dispersion Thomson parabola.,2011,2011,D. Jung; R. H?rlein; D. Kiefer; S. Letzring; D. C. Gautier; U. Schramm; C. Hübsch; R. ?hm; B. J. Albright; J. C. Fernandez; D. Habs; B. M. Hegelich,Review of Scientific Instruments,10.1063/1.3523428,https://doi.org/10.1063/1.3523428,,verified,C_应用背景或方法支撑,激光离子应用或物理研究中的诊断线索；并非探测器专论,汤姆逊抛物线/电磁联合能谱仪,,汤姆逊抛物线/电磁联合能谱仪,汤姆逊抛物线/电磁联合能谱仪,汤姆逊抛物线/电磁联合能谱仪,题名及可用摘要线索,thomson,previous_224,https://api.crossref.org/works/10.1063%2F1.3523428,否,needs_public_fulltext,,,,https://pubs.aip.org/aip/rsi/article-pdf/doi/10.1063/1.3523428/15781959/013306_1_online.pdf,,专题标签仅为题名/摘要线索，不证明论文实际使用该器件；不同场景配置不得继承,本次未做全文科学审核,2026/10/4
未下载,待寻找公开全文,IONDET-0118,Cob11,High-resolution Thomson parabola for ion analysis,High-resolution Thomson parabola for ion analysis.,2011,2011,J. A. Cobble; K. A. Flippo; D. T. Offermann; F. E. Lopez; J. A. Oertel; D. Mastrosimone; S. A. Letzring; N. Sinenian,Review of Scientific Instruments,10.1063/1.3658048,https://doi.org/10.1063/1.3658048,,verified,C_应用背景或方法支撑,激光离子应用或物理研究中的诊断线索；并非探测器专论,汤姆逊抛物线/电磁联合能谱仪,CR-39/PADC/PM-355及固体蚀刻径迹; 成像板IP/PSL,汤姆逊抛物线/电磁联合能谱仪; CR-39/PADC/PM-355及固体蚀刻径迹; 成像板IP/PSL,汤姆逊抛物线/电磁联合能谱仪,汤姆逊抛物线/电磁联合能谱仪; CR-39/PADC/PM-355及固体蚀刻径迹; 成像板IP/PSL,题名及可用摘要线索,,previous_224,https://api.crossref.org/works/10.1063%2F1.3658048,否,needs_public_fulltext,,,,https://pubs.aip.org/aip/rsi/article-pdf/doi/10.1063/1.3658048/15599177/113504_1_online.pdf,,专题标签仅为题名/摘要线索，不证明论文实际使用该器件；不同场景配置不得继承,本次未做全文科学审核,2026/10/4
未下载,待寻找公开全文,IONDET-0112,Mat10,A multichannel time-of-flight system for observation of energetic ions of multispecies generated from relativistic laser plasma,A multichannel time-of-flight system for observation of energetic ions of multispecies generated from relativistic laser plasma.,2010,2010,K. Matsukado; M. Fujimoto; H. Takahashi; Y. Kawada; S. Ohsuka; S. Aoshima,Review of Scientific Instruments,10.1063/1.3309781,https://doi.org/10.1063/1.3309781,,verified,C_应用背景或方法支撑,激光离子应用或物理研究中的诊断线索；并非探测器专论,飞行时间TOF/时间分辨,闪烁体/闪烁纤维/堆栈与断层; CR-39/PADC/PM-355及固体蚀刻径迹,飞行时间TOF/时间分辨; 闪烁体/闪烁纤维/堆栈与断层; CR-39/PADC/PM-355及固体蚀刻径迹,飞行时间TOF/时间分辨,飞行时间TOF/时间分辨; 闪烁体/闪烁纤维/堆栈与断层; CR-39/PADC/PM-355及固体蚀刻径迹,题名及可用摘要线索,tof,previous_224,https://api.crossref.org/works/10.1063%2F1.3309781,否,needs_public_fulltext,,,,https://pubs.aip.org/aip/rsi/article-pdf/doi/10.1063/1.3309781/13931228/023304_1_online.pdf,,专题标签仅为题名/摘要线索，不证明论文实际使用该器件；不同场景配置不得继承,本次未做全文科学审核,2026/10/4
未下载,本轮尚未尝试下载,IONDET-0257,Bor10,Radiation Pressure effects on ion Acceleration on the GEMINI laser Contact :,Radiation Pressure effects on ion Acceleration on the GEMINI laser Contact :,2010,2010,"M. Borghesi, ..., and Z. Najmudin",Unknown Journal,,,https://www.semanticscholar.org/paper/b9711b291589ecb38664f1ca967dfb4908edf29d,no_publication_doi_pending_identity,C_应用背景或方法支撑,激光离子应用或物理研究中的诊断线索；并非探测器专论,汤姆逊抛物线/电磁联合能谱仪,CR-39/PADC/PM-355及固体蚀刻径迹; 微通道板MCP及倍增读出,汤姆逊抛物线/电磁联合能谱仪; CR-39/PADC/PM-355及固体蚀刻径迹; 微通道板MCP及倍增读出; 标定/反演/饱和与EMP抗扰,,汤姆逊抛物线/电磁联合能谱仪; CR-39/PADC/PM-355及固体蚀刻径迹; 微通道板MCP及倍增读出; 标定/反演/饱和与EMP抗扰,题名及可用摘要线索,mcp,targeted_search_20261004,,否,not_download_attempted_in_this_survey,,,,,,专题标签仅为题名/摘要线索，不证明论文实际使用该器件；不同场景配置不得继承；未确认出版DOI；预印本/报告/会议与正式版关系待核对,本次未做全文科学审核,2026/10/4
未下载,本轮尚未尝试下载,IONDET-0379,Ter09b,"Correlation of spectral, spatial, and angular characteristics of an ultrashort laser driven proton source","Correlation of spectral, spatial, and angular characteristics of an ultrashort laser driven proton source",2009,2009,S. Ter-Avetisyan; M. Schnürer; P. V. Nickles; W. Sandner; T. Nakamura; K. Mima,Physics of Plasmas,10.1063/1.3112705,https://doi.org/10.1063/1.3112705,,verified_crossref,C_应用背景或方法支撑,激光离子应用或物理研究中的诊断线索；并非探测器专论,,,,,,题名及可用摘要线索,review_references,targeted_search_20261004,https://api.crossref.org/works/10.1063%2F1.3112705,否,not_download_attempted_in_this_survey,,,,https://pubs.aip.org/aip/pop/article-pdf/doi/10.1063/1.3112705/15932290/043108_1_online.pdf,,专题标签仅为题名/摘要线索，不证明论文实际使用该器件；不同场景配置不得继承,本次未做全文科学审核,2026/10/4
未下载,待寻找公开全文,IONDET-0188,Sch08b,Laser beam-profile impression and target thickness impact on laser-accelerated protons,Laser beam-profile impression and target thickness impact on laser-accelerated protons,2008,2008,M. Schollmeier; K. Harres; F. Nürnberg; A. Bla?evi?; P. Audebert; E. Brambrink; J. C. Fernández; K. A. Flippo; D. C. Gautier; M. Gei?el; B. M. Hegelich; J. Schreiber; M. Roth,Physics of Plasmas,10.1063/1.2912451,https://doi.org/10.1063/1.2912451,,verified,C_应用背景或方法支撑,激光离子应用或物理研究中的诊断线索；并非探测器专论,,RCF/放射变色膜,RCF/放射变色膜,,RCF/放射变色膜,题名及可用摘要线索,,previous_224,https://api.crossref.org/works/10.1063%2F1.2912451,否,needs_public_fulltext,,,,https://pubs.aip.org/aip/pop/article-pdf/doi/10.1063/1.2912451/14079877/053101_1_online.pdf,,专题标签仅为题名/摘要线索，不证明论文实际使用该器件；不同场景配置不得继承,本次未做全文科学审核,2026/10/4
未下载,待寻找公开全文,IONDET-0070,Yog07,Laser prepulse dependency of proton-energy distributions in ultraintense laser-foil interactions with an online time-of-flight technique,Laser prepulse dependency of proton-energy distributions in ultraintense laser-foil interactions with an online time-of-flight technique,2007,2007,Akifumi Yogo; Hiroyuki Daido; Atsushi Fukumi; Zhong Li; Koichi Ogura; Akito Sagisaka; Alexander S. Pirozhkov; Shu Nakamura; Yoshihisa Iwashita; Toshiyuki Shirai; Akira Noda; Yuji Oishi; Takuya Nayuki; Takashi Fujii; Koshichi Nemoto; Il Woo Choi; Jae Hee Sung; Do-Kyeong Ko; Jongmin Lee; Minoru Kaneda; Akio Itoh,Physics of Plasmas,10.1063/1.2721066,https://doi.org/10.1063/1.2721066,,verified,C_应用背景或方法支撑,激光离子应用或物理研究中的诊断线索；并非探测器专论,飞行时间TOF/时间分辨,,飞行时间TOF/时间分辨,飞行时间TOF/时间分辨,飞行时间TOF/时间分辨,题名及可用摘要线索,,previous_224,https://api.crossref.org/works/10.1063%2F1.2721066,否,needs_public_fulltext,,,,https://pubs.aip.org/aip/pop/article-pdf/doi/10.1063/1.2721066/14866947/043104_1_online.pdf,,专题标签仅为题名/摘要线索，不证明论文实际使用该器件；不同场景配置不得继承,本次未做全文科学审核,2026/10/4
未下载,本轮尚未尝试下载,IONDET-0375,Sch06b,Pointing of laser-accelerated proton beams,Pointing of laser-accelerated proton beams,2006,2006,J. Schreiber; S. Ter-Avetisyan; E. Risse; M. P. Kalachnikov; P. V. Nickles; W. Sandner; U. Schramm; D. Habs; J. Witte; M. Schnürer,Physics of Plasmas,10.1063/1.2181978,https://doi.org/10.1063/1.2181978,,verified_crossref,C_应用背景或方法支撑,激光离子应用或物理研究中的诊断线索；并非探测器专论,汤姆逊抛物线/电磁联合能谱仪,,汤姆逊抛物线/电磁联合能谱仪,,汤姆逊抛物线/电磁联合能谱仪,题名及可用摘要线索,review_references,targeted_search_20261004,https://api.crossref.org/works/10.1063%2F1.2181978,否,not_download_attempted_in_this_survey,,,,https://pubs.aip.org/aip/pop/article-pdf/doi/10.1063/1.2181978/15696109/033111_1_online.pdf,,专题标签仅为题名/摘要线索，不证明论文实际使用该器件；不同场景配置不得继承,本次未做全文科学审核,2026/10/4
未下载,本轮尚未尝试下载,IONDET-0332,Laz05,Electromagnetic pulse suppression in laser plasma interaction experiments on the Vulcan Petawatt laser,Electromagnetic pulse suppression in laser plasma interaction experiments on the Vulcan Petawatt laser,2005,2005,"J. Lazarus, P. Nilson",Unknown Journal,,,https://www.semanticscholar.org/paper/92c5ca5b871b2c5488b22b0400ca4eec928ea85a,no_publication_doi_pending_identity,C_应用背景或方法支撑,激光设施EMP/电子学方法支撑；不等于离子探测实验,,,标定/反演/饱和与EMP抗扰,标定/反演/饱和与EMP抗扰,标定/反演/饱和与EMP抗扰,题名及可用摘要线索,emp_reconstruction,targeted_search_20261004,,否,not_download_attempted_in_this_survey,,,,,,专题标签仅为题名/摘要线索，不证明论文实际使用该器件；不同场景配置不得继承；未确认出版DOI；预印本/报告/会议与正式版关系待核对,本次未做全文科学审核,2026/10/4
未下载,待寻找公开全文,IONDET-0211,Bor04,Multi-MeV Proton Source Investigations in Ultraintense Laser-Foil Interactions,Multi-MeV proton source investigations in ultraintense laser-foil interactions.,2004,2004,M. Borghesi; A. J. Mackinnon; D. H. Campbell; D. G. Hicks; S. Kar; P. K. Patel; D. Price; L. Romagnani; A. Schiavi; O. Willi,Physical Review Letters,10.1103/physrevlett.92.055003,https://doi.org/10.1103/physrevlett.92.055003,,verified,C_应用背景或方法支撑,激光离子应用或物理研究中的诊断线索；并非探测器专论,,,,,,题名及可用摘要线索,,previous_224,https://api.crossref.org/works/10.1103%2Fphysrevlett.92.055003,否,needs_public_fulltext,,,,,,专题标签仅为题名/摘要线索，不证明论文实际使用该器件；不同场景配置不得继承,本次未做全文科学审核,2026/10/4
未下载,待寻找公开全文,IONDET-0205,Cow04,"Ultralow Emittance, Multi-MeV Proton Beams from a Laser Virtual-Cathode Plasma Accelerator","Ultralow emittance, multi-MeV proton beams from a laser virtual-cathode plasma accelerator.",2004,2004,T. E. Cowan; J. Fuchs; H. Ruhl; A. Kemp; P. Audebert; M. Roth; R. Stephens; I. Barton; A. Blazevic; E. Brambrink; J. Cobble; J. Fernández; J.-C. Gauthier; M. Geissel; M. Hegelich; J. Kaae; S. Karsch; G. P. Le Sage; S. Letzring; M. Manclossi; S. Meyroneinc; A. Newkirk; H. Pépin; N. Renard-LeGalloudec,Physical Review Letters,10.1103/physrevlett.92.204801,https://doi.org/10.1103/physrevlett.92.204801,,verified,C_应用背景或方法支撑,激光离子应用或物理研究中的诊断线索；并非探测器专论,,,,,,题名及可用摘要线索,,previous_224,https://api.crossref.org/works/10.1103%2Fphysrevlett.92.204801,否,needs_public_fulltext,,,,,,专题标签仅为题名/摘要线索，不证明论文实际使用该器件；不同场景配置不得继承,本次未做全文科学审核,2026/10/4
未下载,本轮尚未尝试下载,IONDET-0378,Mck03,Demonstration of Fusion-Evaporation and Direct-Interaction Nuclear Reactions using High-Intensity Laser-Plasma-Accelerated Ion Beams,Demonstration of fusion-evaporation and direct-interaction nuclear reactions using high-intensity laser-plasma-accelerated ion beams.,2003,2003,P. McKenna; K. W. D. Ledingham; T. McCanny; R. P. Singhal; I. Spencer; M. I. K. Santala; F. N. Beg; K. Krushelnick; M. Tatarakis; M. S. Wei; E. L. Clark; R. J. Clarke; K. L. Lancaster; P. A. Norreys; K. Spohr; R. Chapman; M. Zepf,Physical Review Letters,10.1103/physrevlett.91.075006,https://doi.org/10.1103/physrevlett.91.075006,,verified_crossref,C_应用背景或方法支撑,激光离子应用或物理研究中的诊断线索；并非探测器专论,,,,,,题名及可用摘要线索,review_references,targeted_search_20261004,https://api.crossref.org/works/10.1103%2Fphysrevlett.91.075006,否,not_download_attempted_in_this_survey,,,,,,专题标签仅为题名/摘要线索，不证明论文实际使用该器件；不同场景配置不得继承,本次未做全文科学审核,2026/10/4
未下载,本轮尚未尝试下载,IONDET-0376,Rot02,Energetic ions generated by laser pulses: A detailed study on target properties,Energetic ions generated by laser pulses: A detailed study on target properties,2002,2002,M. Roth; A. Blazevic; M. Geissel; T. Schlegel; T. E. Cowan; M. Allen; J.-C. Gauthier; P. Audebert; J. Fuchs; J. Meyer-ter-Vehn; M. Hegelich; S. Karsch; A. Pukhov,Physical Review Special Topics - Accelerators and Beams,10.1103/physrevstab.5.061301,https://doi.org/10.1103/physrevstab.5.061301,,verified_crossref,C_应用背景或方法支撑,激光离子应用或物理研究中的诊断线索；并非探测器专论,,,,,,题名及可用摘要线索,review_references,targeted_search_20261004,https://api.crossref.org/works/10.1103%2Fphysrevstab.5.061301,否,not_download_attempted_in_this_survey,,,,,,专题标签仅为题名/摘要线索，不证明论文实际使用该器件；不同场景配置不得继承,本次未做全文科学审核,2026/10/4
未下载,待寻找公开全文,IONDET-0217,Bor02,Laser-produced protons and their application as a particle probe,Laser-produced protons and their application as a particle probe,2002,2002,M. BORGHESI; D.H. CAMPBELL; A. SCHIAVI; O. WILLI; A.J. MACKINNON; D. HICKS; P. PATEL; L.A. GIZZI; M. GALIMBERTI; R.J. CLARKE,Laser and Particle Beams,10.1017/s0263034602202177,https://doi.org/10.1017/s0263034602202177,,verified,C_应用背景或方法支撑,激光离子应用或物理研究中的诊断线索；并非探测器专论,,,,,,题名及可用摘要线索,,previous_224,https://api.crossref.org/works/10.1017%2Fs0263034602202177,否,needs_public_fulltext,,,,,,专题标签仅为题名/摘要线索，不证明论文实际使用该器件；不同场景配置不得继承,本次未做全文科学审核,2026/10/4
未下载,待寻找公开全文,IONDET-0163,Mro96,Thomson parabola ion spectrograph with the microchannel plate image converter in investigations of high- Z laser plasma ion sources,Thomson parabola ion spectrograph with the microchannel plate image converter in investigations of high-Z laser plasma ion sources,1996,1996,W. Mróz; P. Parys; J. Wol/owski; E. Woryna; P. Straka; B. Králiková; J. Krása; L. Láska; K. Ma?ek; K. Rohlena; T. Mocek; M. Pfeifer; J. Skála; H. Haseroth; J. Collier; B. Yu. Sharkov; A. V. Shumshurov; A. V. Golubev; J. Farny,Review of Scientific Instruments,10.1063/1.1146695,https://doi.org/10.1063/1.1146695,,verified,C_应用背景或方法支撑,激光离子应用或物理研究中的诊断线索；并非探测器专论,汤姆逊抛物线/电磁联合能谱仪; 静电能量分析器/阻滞场与离子探针,微通道板MCP及倍增读出,汤姆逊抛物线/电磁联合能谱仪; 静电能量分析器/阻滞场与离子探针; 微通道板MCP及倍增读出,汤姆逊抛物线/电磁联合能谱仪; 微通道板MCP及倍增读出,汤姆逊抛物线/电磁联合能谱仪; 静电能量分析器/阻滞场与离子探针; 微通道板MCP及倍增读出,题名及可用摘要线索,,previous_224,https://api.crossref.org/works/10.1063%2F1.1146695,否,needs_public_fulltext,,,,https://pubs.aip.org/aip/rsi/article-pdf/67/3/1272/19298581/1272_1_online.pdf,,专题标签仅为题名/摘要线索，不证明论文实际使用该器件；不同场景配置不得继承,本次未做全文科学审核,2026/10/4
未下载,本轮尚未尝试下载,IONDET-0258,Gue95,Charge and mass resolved time of flight observations of 140 fs laser produced ions,Charge and mass resolved time of flight observations of 140 fs laser produced ions,1995,1995,G. Guethlein; J. Bonlie; D. Price; R. Shepherd; B. Young; R. Stewart,Review of Scientific Instruments,10.1063/1.1146404,https://doi.org/10.1063/1.1146404,,verified_crossref,C_应用背景或方法支撑,激光离子应用或物理研究中的诊断线索；并非探测器专论,汤姆逊抛物线/电磁联合能谱仪; 飞行时间TOF/时间分辨,微通道板MCP及倍增读出,汤姆逊抛物线/电磁联合能谱仪; 飞行时间TOF/时间分辨; 微通道板MCP及倍增读出; 标定/反演/饱和与EMP抗扰,飞行时间TOF/时间分辨,汤姆逊抛物线/电磁联合能谱仪; 微通道板MCP及倍增读出; 标定/反演/饱和与EMP抗扰,题名及可用摘要线索,mcp,targeted_search_20261004,https://api.crossref.org/works/10.1063%2F1.1146404,否,not_download_attempted_in_this_survey,,,,https://pubs.aip.org/aip/rsi/article-pdf/66/1/333/19221069/333_1_online.pdf,,专题标签仅为题名/摘要线索，不证明论文实际使用该器件；不同场景配置不得继承,本次未做全文科学审核,2026/10/4
未下载,本轮尚未尝试下载,IONDET-0366,Cho80,Ion energy analyser for laser-produced plasma,Ion energy analyser for laser-produced plasma,1980,1980,S S Chowdhury; R M Clement; H T Miles,Journal of Physics E: Scientific Instruments,10.1088/0022-3735/13/10/014,https://doi.org/10.1088/0022-3735/13/10/014,,verified_crossref,C_应用背景或方法支撑,激光离子应用或物理研究中的诊断线索；并非探测器专论,静电能量分析器/阻滞场与离子探针; 飞行时间TOF/时间分辨,,静电能量分析器/阻滞场与离子探针; 飞行时间TOF/时间分辨,静电能量分析器/阻滞场与离子探针,静电能量分析器/阻滞场与离子探针; 飞行时间TOF/时间分辨,题名及可用摘要线索,electrostatic_laser,targeted_search_20261004,https://api.crossref.org/works/10.1088%2F0022-3735%2F13%2F10%2F014,否,not_download_attempted_in_this_survey,,,,,,专题标签仅为题名/摘要线索，不证明论文实际使用该器件；不同场景配置不得继承,本次未做全文科学审核,2026/10/4
未下载,本轮尚未尝试下载,IONDET-0371,Hah78,Multiple species ion energy analyzer applied to laser-induced plasma experiments,Multiple species ion energy analyzer applied to laser-induced plasma experiments.,1978,1978,Sangkoo F. Hahn; David B. van Hulsteyn; Michael F. Becker,Review of Scientific Instruments,10.1063/1.1135437,https://doi.org/10.1063/1.1135437,,verified_crossref,C_应用背景或方法支撑,激光离子应用或物理研究中的诊断线索；并非探测器专论,静电能量分析器/阻滞场与离子探针,,静电能量分析器/阻滞场与离子探针,静电能量分析器/阻滞场与离子探针,,题名及可用摘要线索,electrostatic_laser,targeted_search_20261004,https://api.crossref.org/works/10.1063%2F1.1135437,否,not_download_attempted_in_this_survey,,,,https://pubs.aip.org/aip/rsi/article-pdf/49/4/473/19188461/473_1_online.pdf,,专题标签仅为题名/摘要线索，不证明论文实际使用该器件；不同场景配置不得继承,本次未做全文科学审核,2026/10/4
未下载,待寻找公开全文,IONDET-0165,Sla78,Thomson parabola ion analyzer for laser-plasma studies,Thomson parabola ion analyzer for laser-plasma studies.,1978,1978,D. C. Slater,Review of Scientific Instruments,10.1063/1.1135266,https://doi.org/10.1063/1.1135266,,verified,C_应用背景或方法支撑,激光离子应用或物理研究中的诊断线索；并非探测器专论,汤姆逊抛物线/电磁联合能谱仪,,汤姆逊抛物线/电磁联合能谱仪; 标定/反演/饱和与EMP抗扰,汤姆逊抛物线/电磁联合能谱仪,标定/反演/饱和与EMP抗扰,题名及可用摘要线索,,previous_224,https://api.crossref.org/works/10.1063%2F1.1135266,否,needs_public_fulltext,,,,https://pubs.aip.org/aip/rsi/article-pdf/49/10/1493/19288819/1493_1_online.pdf,,专题标签仅为题名/摘要线索，不证明论文实际使用该器件；不同场景配置不得继承,本次未做全文科学审核,2026/10/4
未下载,本轮尚未尝试下载,IONDET-0365,Dec-76,High energy ion analyzer for laser-produced plasma studies,High energy ion analyzer for laser-produced plasma studies,1977,1976,R. Decoste; B. H. Ripin,Review of Scientific Instruments,10.1063/1.1134995,https://doi.org/10.1063/1.1134995,,verified_crossref,C_应用背景或方法支撑,激光离子应用或物理研究中的诊断线索；并非探测器专论,,,,,,题名及可用摘要线索,electrostatic_laser,targeted_search_20261004,https://api.crossref.org/works/10.1063%2F1.1134995,否,not_download_attempted_in_this_survey,,,,https://pubs.aip.org/aip/rsi/article-pdf/48/3/232/8366555/232_1_online.pdf,,专题标签仅为题名/摘要线索，不证明论文实际使用该器件；不同场景配置不得继承,本次未做全文科学审核,2026/10/4
未下载,待寻找公开全文,IONDET-0190,Ols73,Ion-expansion energy spectra correlated to laser plasma parameters,Ion‐expansion energy spectra correlated to laser plasma parameters,1973,1973,J. N. Olsen; G. W. Kuswa; E. D. Jones,Journal of Applied Physics,10.1063/1.1662550,https://doi.org/10.1063/1.1662550,,verified,C_应用背景或方法支撑,激光离子应用或物理研究中的诊断线索；并非探测器专论,汤姆逊抛物线/电磁联合能谱仪,,汤姆逊抛物线/电磁联合能谱仪,,汤姆逊抛物线/电磁联合能谱仪,题名及可用摘要线索,,previous_224,https://api.crossref.org/works/10.1063%2F1.1662550,否,needs_public_fulltext,,,,https://pubs.aip.org/aip/jap/article-pdf/44/5/2275/18363940/2275_1_online.pdf,,专题标签仅为题名/摘要线索，不证明论文实际使用该器件；不同场景配置不得继承,本次未做全文科学审核,2026/10/4
未下载,本轮尚未尝试下载,IONDET-0243,Pik16; Pik16b,Solid-state track detectors in laser plasma investigations,Solid-state track detectors in laser plasma investigations,2016,2016,S. A. Pikuz; I. Yu. Skobelev; A. Ya. Faenov; Ya. S. Lavrinenko; V. S. Belyaev; V. Yi. Kliushnikov; A. P. Matafonov; A. S. Rusetskiy; S. N. Ryazantsev; A. V. Bakhmutova,High Temperature,10.1134/s0018151x16030160,https://doi.org/10.1134/s0018151x16030160,,verified_crossref,D_相关性或身份待核对,尚缺明确的激光离子或离子标定相关性证据,,CR-39/PADC/PM-355及固体蚀刻径迹,CR-39/PADC/PM-355及固体蚀刻径迹,CR-39/PADC/PM-355及固体蚀刻径迹,,仅题名/明确人工核对说明,tracks,targeted_search_20261004,https://api.crossref.org/works/10.1134%2Fs0018151x16030160,是_候选非gold,not_download_attempted_in_this_survey,,,,https://link.springer.com/content/pdf/10.1134/S0018151X16030160.pdf; https://link.springer.com/content/pdf/10.1134/S0018151X16030160.pdf,,专题标签仅为题名/摘要线索，不证明论文实际使用该器件；不同场景配置不得继承,本次未做全文科学审核,2026/10/4
未下载,本轮尚未尝试下载,IONDET-0274,Tor20,Characterization of Si and SiC detectors for laser-generated plasma monitoring in short wavelength range,Characterization of Si and SiC detectors for laser-generated plasma monitoring in short wavelength range,2020,2020,A. Torrisi; P. Wachulak; H. Fiedorowicz; L. Torrisi,Journal of Instrumentation,10.1088/1748-0221/15/05/c05027,https://doi.org/10.1088/1748-0221/15/05/c05027,,verified_crossref,D_相关性或身份待核对,尚缺明确的激光离子或离子标定相关性证据,,半导体/金刚石/SiC/Si及像素探测,半导体/金刚石/SiC/Si及像素探测; 标定/反演/饱和与EMP抗扰,半导体/金刚石/SiC/Si及像素探测,半导体/金刚石/SiC/Si及像素探测; 标定/反演/饱和与EMP抗扰,题名及可用摘要线索,semiconductor,targeted_search_20261004,https://api.crossref.org/works/10.1088%2F1748-0221%2F15%2F05%2Fc05027,否,not_download_attempted_in_this_survey,,,,https://iopscience.iop.org/article/10.1088/1748-0221/15/05/C05027/pdf; https://iopscience.iop.org/article/10.1088/1748-0221/15/05/C05027/pdf,,专题标签仅为题名/摘要线索，不证明论文实际使用该器件；不同场景配置不得继承；CCD/CMOS光学读出与直接半导体离子探测角色须全文区分,本次未做全文科学审核,2026/10/4
未下载,先确认文献身份再找全文,IONDET-0173,Kra16,Plasma Physics and Technology,Plasma Physics and Technology,2016,2016,,,,,https://www.semanticscholar.org/paper/6e1ac3e5ea1007dfaa1031bbcefca435295459f4,no_publication_doi_pending_identity,D_相关性或身份待核对,发现题名疑似刊名；摘要相关但需原刊身份核对,静电能量分析器/阻滞场与离子探针; 飞行时间TOF/时间分辨; 法拉第杯/ICT/电离室及电荷剂量监测,半导体/金刚石/SiC/Si及像素探测,静电能量分析器/阻滞场与离子探针; 飞行时间TOF/时间分辨; 半导体/金刚石/SiC/Si及像素探测; 法拉第杯/ICT/电离室及电荷剂量监测; 标定/反演/饱和与EMP抗扰,,静电能量分析器/阻滞场与离子探针; 飞行时间TOF/时间分辨; 半导体/金刚石/SiC/Si及像素探测; 法拉第杯/ICT/电离室及电荷剂量监测; 标定/反演/饱和与EMP抗扰,题名及可用摘要线索,tof,previous_224,,否,needs_identity_and_fulltext,,,,,,专题标签仅为题名/摘要线索，不证明论文实际使用该器件；不同场景配置不得继承；未确认出版DOI；预印本/报告/会议与正式版关系待核对；CCD/CMOS光学读出与直接半导体离子探测角色须全文区分,本次未做全文科学审核,2026/10/4
未下载,本轮尚未尝试下载,IONDET-0328,Cla15,GEMpix detector: A new diagnostic for Laser Produced Plasmas monitoring,GEMpix detector: A new diagnostic for Laser Produced Plasmas monitoring,2015,2015,"G. Claps, ..., and F. Murtas",Unknown Journal,,,https://www.semanticscholar.org/paper/23656bab97eef96c42d782c29f77d90cd06fc80f,no_publication_doi_pending_identity,D_相关性或身份待核对,缺摘要，GEMpix激光等离子体监测的实际被测粒子需核对,,气体/GEM与微图案气体读出（需核对粒子种类）,气体/GEM与微图案气体读出（需核对粒子种类）,气体/GEM与微图案气体读出（需核对粒子种类）,,仅题名/明确人工核对说明,emulsion_gas_luminescence; gas_laser,targeted_search_20261004,,否,not_download_attempted_in_this_survey,,,,,,专题标签仅为题名/摘要线索，不证明论文实际使用该器件；不同场景配置不得继承；未确认出版DOI；预印本/报告/会议与正式版关系待核对,本次未做全文科学审核,2026/10/4
未下载,待寻找公开全文,IONDET-0185,Tor09,Diamond detectors for time-of-flight measurements in laser-generated plasmas,Diamond detectors for time-of-flight measurements in laser-generated plasmas,2009,2009,L. Torrisi; D. Margarone; E. Milani; G. Verona-Rinati; G. Prestopino; C. Tuvè; R. Potenza; L. Láska; J. Krása; J. Ullschmied,Radiation Effects and Defects in Solids,10.1080/10420150902811763,https://doi.org/10.1080/10420150902811763,,verified,D_相关性或身份待核对,尚缺明确的激光离子或离子标定相关性证据,飞行时间TOF/时间分辨,半导体/金刚石/SiC/Si及像素探测,飞行时间TOF/时间分辨; 半导体/金刚石/SiC/Si及像素探测,飞行时间TOF/时间分辨; 半导体/金刚石/SiC/Si及像素探测,,仅题名/明确人工核对说明,tof,previous_224,https://api.crossref.org/works/10.1080%2F10420150902811763,否,needs_public_fulltext,,,,,,专题标签仅为题名/摘要线索，不证明论文实际使用该器件；不同场景配置不得继承；CCD/CMOS光学读出与直接半导体离子探测角色须全文区分,本次未做全文科学审核,2026/10/4
未下载,待寻找公开全文,IONDET-0120,Pat08,Image plate response for conditions relevant to laser–plasma interaction experiments,Image plate response for conditions relevant to laser–plasma interaction experiments,2008,2008,I J Paterson; R J Clarke; N C Woolsey; G Gregori,Measurement Science and Technology,10.1088/0957-0233/19/9/095301,https://doi.org/10.1088/0957-0233/19/9/095301,,verified,D_相关性或身份待核对,尚缺明确的激光离子或离子标定相关性证据,,成像板IP/PSL,成像板IP/PSL,成像板IP/PSL,,仅题名/明确人工核对说明,review_references,previous_224,https://api.crossref.org/works/10.1088%2F0957-0233%2F19%2F9%2F095301,否,needs_public_fulltext,,,,,,专题标签仅为题名/摘要线索，不证明论文实际使用该器件；不同场景配置不得继承,本次未做全文科学审核,2026/10/4
未下载,本轮尚未尝试下载,IONDET-0261,Roc08,Measurement and modeling of pulsed microchannel plate operation (invited),Measurement and modeling of pulsed microchannel plate operation (invited).,2008,2008,G. A. Rochau; M. Wu; C. Kruschwitz; N. Joseph; K. Moy; J. Bailey; M. Krane; R. Thomas; D. Nielsen; A. Tibbitts,Review of Scientific Instruments,10.1063/1.2965787,https://doi.org/10.1063/1.2965787,,verified_crossref,D_相关性或身份待核对,尚缺明确的激光离子或离子标定相关性证据,,微通道板MCP及倍增读出,微通道板MCP及倍增读出,微通道板MCP及倍增读出,微通道板MCP及倍增读出,题名及可用摘要线索,mcp,targeted_search_20261004,https://api.crossref.org/works/10.1063%2F1.2965787,否,not_download_attempted_in_this_survey,,,,https://pubs.aip.org/aip/rsi/article-pdf/doi/10.1063/1.2965787/15728073/10e902_1_online.pdf,,专题标签仅为题名/摘要线索，不证明论文实际使用该器件；不同场景配置不得继承,本次未做全文科学审核,2026/10/4
未下载,本轮尚未尝试下载,IONDET-0318,Cla08b,Nuclear activation as a high dynamic range diagnostic of laser–plasma interactions,Nuclear activation as a high dynamic range diagnostic of laser–plasma interactions,2008,2008,R.J. Clarke; P.T. Simpson; S. Kar; J.S. Green; C. Bellei; D.C. Carroll; B. Dromey; S. Kneip; K. Markey; P. McKenna; W. Murphy; S. Nagel; L. Willingale; M. Zepf,"Nuclear Instruments and Methods in Physics Research Section A: Accelerators, Spectrometers, Detectors and Associated Equipment",10.1016/j.nima.2007.11.015,https://doi.org/10.1016/j.nima.2007.11.015,,verified_crossref,D_相关性或身份待核对,尚缺明确的激光离子或离子标定相关性证据,核活化/核反应间接离子诊断,,核活化/核反应间接离子诊断,核活化/核反应间接离子诊断,,仅题名/明确人工核对说明,activation_calorimetry,targeted_search_20261004,https://api.crossref.org/works/10.1016%2Fj.nima.2007.11.015,否,not_download_attempted_in_this_survey,,,,,Cla08,专题标签仅为题名/摘要线索，不证明论文实际使用该器件；不同场景配置不得继承；题名相近仅产生疑似关系；未自动合并不同DOI或存档,本次未做全文科学审核,2026/10/4
未下载,待寻找公开全文,IONDET-0162,Ter05,Time resolved corpuscular diagnostics of plasmas produced with high-intensity femtosecond laser pulses,Time resolved corpuscular diagnostics of plasmas produced with high-intensity femtosecond laser pulses,2005,2005,Sargis Ter-Avetisyan; Mathias Schnürer; Peter V Nickles,Journal of Physics D: Applied Physics,10.1088/0022-3727/38/6/013,https://doi.org/10.1088/0022-3727/38/6/013,,verified,D_相关性或身份待核对,尚缺明确的激光离子或离子标定相关性证据,,,,,,仅题名/明确人工核对说明,,previous_224,https://api.crossref.org/works/10.1088%2F0022-3727%2F38%2F6%2F013,否,needs_public_fulltext,,,,,,专题标签仅为题名/摘要线索，不证明论文实际使用该器件；不同场景配置不得继承,本次未做全文科学审核,2026/10/4
未下载,本轮尚未尝试下载,IONDET-0322,Tsu85,Measurement of ICF Plasma Parameters by the Activation Method,Measurement of ICF Plasma Parameters by the Activation Method,1985,1985,Ryusuke Tsuji; Katsunobu Nishihara; Shunji Ido,Japanese Journal of Applied Physics,10.1143/jjap.24.1689,https://doi.org/10.1143/jjap.24.1689,,verified_crossref,D_相关性或身份待核对,尚缺明确的激光离子或离子标定相关性证据,,,,,,仅题名/明确人工核对说明,activation_calorimetry,targeted_search_20261004,https://api.crossref.org/works/10.1143%2Fjjap.24.1689,否,not_download_attempted_in_this_survey,,,,https://iopscience.iop.org/article/10.1143/JJAP.24.1689/pdf; https://iopscience.iop.org/article/10.1143/JJAP.24.1689/pdf; https://iopscience.iop.org/article/10.1143/JJAP.24.1689/pdf,,专题标签仅为题名/摘要线索，不证明论文实际使用该器件；不同场景配置不得继承,本次未做全文科学审核,2026/10/4
未下载,本轮尚未尝试下载,IONDET-0339,Gre25,Real-Time Dose Monitoring via Non-Destructive Charge Measurement of Laser-Driven Electrons for Medical Applications,Real-Time Dose Monitoring via Non-Destructive Charge Measurement of Laser-Driven Electrons for Medical Applications,2025,2025,David Gregocki; Petra K?ster; Luca Umberto Labate; Simona Piccinini; Federico Avella; Federica Baffigi; Gabriele Bandini; Fernando Brandi; Lorenzo Fulgentini; Daniele Palla; Martina Salvadori; Simon Gerasimos Vlachos; Leonida Antonio Gizzi,Instruments,10.3390/instruments9040025,https://doi.org/10.3390/instruments9040025,,verified_crossref,E_范围外候选,激光电子束剂量监测,法拉第杯/ICT/电离室及电荷剂量监测,RCF/放射变色膜,RCF/放射变色膜; 法拉第杯/ICT/电离室及电荷剂量监测; 标定/反演/饱和与EMP抗扰,,RCF/放射变色膜; 法拉第杯/ICT/电离室及电荷剂量监测; 标定/反演/饱和与EMP抗扰,题名及可用摘要线索,charge_laser,targeted_search_20261004,https://api.crossref.org/works/10.3390%2Finstruments9040025,否,not_download_attempted_in_this_survey,,,,,,专题标签仅为题名/摘要线索，不证明论文实际使用该器件；不同场景配置不得继承,本次未做全文科学审核,2026/10/4
未下载,本轮尚未尝试下载,IONDET-0356,Mot24,Dosimetry of ultra-high dose rate electron beams using thermoluminescence and optically stimulated luminescence detectors,Dosimetry of ultra-high dose rate electron beams using thermoluminescence and optically stimulated luminescence detectors,2024,2024,S Motta; R Dal Bello; J B Christensen; L Bossin; E G Yukihara,Physics in Medicine &amp; Biology,10.1088/1361-6560/ad1cf5,https://doi.org/10.1088/1361-6560/ad1cf5,,verified_crossref,E_范围外候选,电子束TLD/OSL响应,法拉第杯/ICT/电离室及电荷剂量监测,热释光TLD/光释光OSL剂量计,法拉第杯/ICT/电离室及电荷剂量监测; 热释光TLD/光释光OSL剂量计; 标定/反演/饱和与EMP抗扰,热释光TLD/光释光OSL剂量计,法拉第杯/ICT/电离室及电荷剂量监测; 热释光TLD/光释光OSL剂量计; 标定/反演/饱和与EMP抗扰,题名及可用摘要线索,luminescence_laser,targeted_search_20261004,https://api.crossref.org/works/10.1088%2F1361-6560%2Fad1cf5,否,not_download_attempted_in_this_survey,,,,https://iopscience.iop.org/article/10.1088/1361-6560/ad1cf5/pdf; https://iopscience.iop.org/article/10.1088/1361-6560/ad1cf5/pdf; https://iopscience.iop.org/article/10.1088/1361-6560/ad1cf5/pdf; https://iopscience.iop.org/article/10.1088/1361-6560/ad1cf5/pdf; https://iopscience.iop.org/article/10.1088/1361-6560/ad1cf5/pdf; https://iopscience.iop.org/article/10.1088/1361-6560/ad1cf5/pdf,,专题标签仅为题名/摘要线索，不证明论文实际使用该器件；不同场景配置不得继承,本次未做全文科学审核,2026/10/4
未下载,本轮尚未尝试下载,IONDET-0361,Mot23b,Investigation of TL and OSL detectors in ultra-high dose rate electron beams,Investigation of TL and OSL detectors in ultra-high dose rate electron beams,2023,2023,S Motta; J B Christensen; F Frei; P Peier; E G Yukihara,Physics in Medicine &amp; Biology,10.1088/1361-6560/acdfb2,https://doi.org/10.1088/1361-6560/acdfb2,,verified_crossref,E_范围外候选,电子束TLD/OSL响应,法拉第杯/ICT/电离室及电荷剂量监测,热释光TLD/光释光OSL剂量计,法拉第杯/ICT/电离室及电荷剂量监测; 热释光TLD/光释光OSL剂量计; 标定/反演/饱和与EMP抗扰,热释光TLD/光释光OSL剂量计,法拉第杯/ICT/电离室及电荷剂量监测; 热释光TLD/光释光OSL剂量计; 标定/反演/饱和与EMP抗扰,题名及可用摘要线索,luminescence_laser,targeted_search_20261004,https://api.crossref.org/works/10.1088%2F1361-6560%2Facdfb2,否,not_download_attempted_in_this_survey,,,,https://iopscience.iop.org/article/10.1088/1361-6560/acdfb2/pdf; https://iopscience.iop.org/article/10.1088/1361-6560/acdfb2/pdf; https://iopscience.iop.org/article/10.1088/1361-6560/acdfb2/pdf; https://iopscience.iop.org/article/10.1088/1361-6560/acdfb2/pdf; https://iopscience.iop.org/article/10.1088/1361-6560/acdfb2/pdf; https://iopscience.iop.org/article/10.1088/1361-6560/acdfb2/pdf,,专题标签仅为题名/摘要线索，不证明论文实际使用该器件；不同场景配置不得继承,本次未做全文科学审核,2026/10/4
未下载,本轮尚未尝试下载,IONDET-0350,Fra22,Calibration of GeV Wakefield-Accelerated Electron Energies by Bremsstrahlung Cut-Off Calorimetry,Calibration of GeV Wakefield-Accelerated Electron Energies by Bremsstrahlung Cut-Off Calorimetry,2022,2022,J. A. Franco-Altamirano; A. Hannasch; L. Lisi; A. Laso-Garcia; J. Brooks; X. Cheng; M. LaBerge; B. Bowers; I. Pagano; M. Spinks; T. Ha; C. Aniculaesei; R. Zgadzaj; M. Hegelich; M. C. Downer,2022 IEEE Advanced Accelerator Concepts Workshop (AAC),10.1109/aac55212.2022.10822927,https://doi.org/10.1109/aac55212.2022.10822927,,verified_crossref,E_范围外候选,电子能量的轫致辐射量热，不是直接质子量热,量热/吸收剂量绝对测量,闪烁体/闪烁纤维/堆栈与断层; 成像板IP/PSL,闪烁体/闪烁纤维/堆栈与断层; 成像板IP/PSL; 量热/吸收剂量绝对测量; 标定/反演/饱和与EMP抗扰,量热/吸收剂量绝对测量; 标定/反演/饱和与EMP抗扰,闪烁体/闪烁纤维/堆栈与断层; 成像板IP/PSL; 量热/吸收剂量绝对测量; 标定/反演/饱和与EMP抗扰,题名及可用摘要线索,calorimeter_laser,targeted_search_20261004,https://api.crossref.org/works/10.1109%2Faac55212.2022.10822927,否,not_download_attempted_in_this_survey,,,,,,专题标签仅为题名/摘要线索，不证明论文实际使用该器件；不同场景配置不得继承,本次未做全文科学审核,2026/10/4
未下载,本轮尚未尝试下载,IONDET-0384,Lel21,Design and commissioning of a neutron counter adapted to high-intensity laser matter interactions,Design and commissioning of a neutron counter adapted to high-intensity laser matter interactions.,2021,2021,V. Lelasseux; P.-A. S?derstr?m; S. Aogaki; K. Burdonov; M. Cerchez; S. N. Chen; S. Dorard; A. Fazzini; M. Gugiu; S. Pikuz; F. Rotaru; O. Willi; F. Negoita; J. Fuchs,Review of Scientific Instruments,10.1063/5.0057828,https://doi.org/10.1063/5.0057828,,verified_crossref,E_范围外候选,中子计数器；不自动等同核反应间接离子诊断,,闪烁体/闪烁纤维/堆栈与断层,闪烁体/闪烁纤维/堆栈与断层; 标定/反演/饱和与EMP抗扰,,闪烁体/闪烁纤维/堆栈与断层; 标定/反演/饱和与EMP抗扰,题名及可用摘要线索,review_citations,targeted_search_20261004,https://api.crossref.org/works/10.1063%2F5.0057828,否,not_download_attempted_in_this_survey,,,,https://pubs.aip.org/aip/rsi/article-pdf/doi/10.1063/5.0057828/15599608/113303_1_online.pdf,,专题标签仅为题名/摘要线索，不证明论文实际使用该器件；不同场景配置不得继承,本次未做全文科学审核,2026/10/4
未下载,本轮尚未尝试下载,IONDET-0310,Sug21,Design of activation based detection scheme for pulsed gamma ray emission from intense laser plasmas,Design of activation based detection scheme for pulsed gamma ray emission from intense laser plasmas,2021,2021,Ravishankar Sugumar; Chris Armstrong; Soubhik Sarkar; M. Krishnamurthy; P. P. Rajeev; David Neely; Vandana Sharma; Sivarama Krishnan,AIP Conference Proceedings; ADVANCED MATERIALS AND RADIATION PHYSICS (AMRP-2020): 5th National e-Conference on Advanced Materials and Radiation Physics,10.1063/5.0052363,https://doi.org/10.1063/5.0052363,,verified_crossref,E_范围外候选,gamma活化，不能归为离子活化诊断,核活化/核反应间接离子诊断,,核活化/核反应间接离子诊断,,核活化/核反应间接离子诊断,题名及可用摘要线索,activation_calorimetry,targeted_search_20261004,https://api.crossref.org/works/10.1063%2F5.0052363,否,not_download_attempted_in_this_survey,,,,,,专题标签仅为题名/摘要线索，不证明论文实际使用该器件；不同场景配置不得继承,本次未做全文科学审核,2026/10/4
未下载,本轮尚未尝试下载,IONDET-0363,Cai20,Investigation of UV laser ionisation in argon-based gas mixtures with a Triple-GEM detector,Investigation of UV laser ionisation in argon-based gas mixtures with a Triple-GEM detector,2020,2020,Y. Cai; Y. Li; H. Qi; Y. Li; J. Yang; Z. Yuan; Y. Chang; J. Li,Journal of Instrumentation,10.1088/1748-0221/15/02/t02001,https://doi.org/10.1088/1748-0221/15/02/t02001,,verified_crossref,E_范围外候选,UV激光使气体电离的探测器标定，不是激光等离子体加速离子,,气体/GEM与微图案气体读出（需核对粒子种类）,气体/GEM与微图案气体读出（需核对粒子种类）; 标定/反演/饱和与EMP抗扰,气体/GEM与微图案气体读出（需核对粒子种类）,气体/GEM与微图案气体读出（需核对粒子种类）; 标定/反演/饱和与EMP抗扰,题名及可用摘要线索,gas_laser,targeted_search_20261004,https://api.crossref.org/works/10.1088%2F1748-0221%2F15%2F02%2Ft02001,否,not_download_attempted_in_this_survey,,,,https://iopscience.iop.org/article/10.1088/1748-0221/15/02/T02001/pdf; https://iopscience.iop.org/article/10.1088/1748-0221/15/02/T02001/pdf,,专题标签仅为题名/摘要线索，不证明论文实际使用该器件；不同场景配置不得继承,本次未做全文科学审核,2026/10/4
未下载,本轮尚未尝试下载,IONDET-0282,Gam18,Design and test of a Faraday cup for low-charge measurement of electron beams from laser wakefield acceleration,Design and test of a Faraday cup for low-charge measurement of electron beams from laser wakefield acceleration.,2018,2018,V. V. Gambaryan; K. V. Gubin; A. E. Levichev; Yu. I. Maltseva; P. V. Martyshkin; A. A. Pachkov; S. N. Peshekhonov; V. I. Trunov,Review of Scientific Instruments,10.1063/1.5022845,https://doi.org/10.1063/1.5022845,,verified_crossref,E_范围外候选,LWFA电子电荷测量,法拉第杯/ICT/电离室及电荷剂量监测,,法拉第杯/ICT/电离室及电荷剂量监测,法拉第杯/ICT/电离室及电荷剂量监测,法拉第杯/ICT/电离室及电荷剂量监测,题名及可用摘要线索,charge_dose,targeted_search_20261004,https://api.crossref.org/works/10.1063%2F1.5022845,否,not_download_attempted_in_this_survey,,,,https://pubs.aip.org/aip/rsi/article-pdf/doi/10.1063/1.5022845/15909728/063303_1_online.pdf,,专题标签仅为题名/摘要线索，不证明论文实际使用该器件；不同场景配置不得继承,本次未做全文科学审核,2026/10/4
未下载,本轮尚未尝试下载,IONDET-0267,Cla18,"Timepix chip interface detectors for X-rays , gammas and electrons monitor on Laser Produced Plasmas","Timepix chip interface detectors for X-rays , gammas and electrons monitor on Laser Produced Plasmas",2018,2018,"G. Claps, ..., and G. Gatti",Unknown Journal,,,https://www.semanticscholar.org/paper/f372a7ee54f26dffb34f81e040b9ca1d919253af,no_publication_doi_pending_identity,E_范围外候选,Timepix监测X射线/gamma/电子,,半导体/金刚石/SiC/Si及像素探测; 气体/GEM与微图案气体读出（需核对粒子种类）,半导体/金刚石/SiC/Si及像素探测; 气体/GEM与微图案气体读出（需核对粒子种类）; 标定/反演/饱和与EMP抗扰,半导体/金刚石/SiC/Si及像素探测,半导体/金刚石/SiC/Si及像素探测; 气体/GEM与微图案气体读出（需核对粒子种类）; 标定/反演/饱和与EMP抗扰,题名及可用摘要线索,emulsion_gas_luminescence; gas_laser; semiconductor,targeted_search_20261004,,否,not_download_attempted_in_this_survey,,,,,,专题标签仅为题名/摘要线索，不证明论文实际使用该器件；不同场景配置不得继承；未确认出版DOI；预印本/报告/会议与正式版关系待核对；CCD/CMOS光学读出与直接半导体离子探测角色须全文区分,本次未做全文科学审核,2026/10/4
未下载,本轮尚未尝试下载,IONDET-0289,Gub17,A Faraday Cup for a Low Charge LWFA Electron Beam Measurement,A Faraday Cup for a Low Charge LWFA Electron Beam Measurement,2017,2017,"Gubin, Konstantin; Gambaryan, Vaagn; Levichev, Alexey; Maltseva, Yuliya; Martyshkin, Pavel; Pachkov, Alexey; Peshekhonov, Sergey; Trunov, Vladimir","Unknown Journal, pp. 635-637",10.18429/jacow-rupac2016-thpsc047,https://doi.org/10.18429/jacow-rupac2016-thpsc047,,verified_datacite,E_范围外候选,LWFA电子束,法拉第杯/ICT/电离室及电荷剂量监测,,法拉第杯/ICT/电离室及电荷剂量监测,法拉第杯/ICT/电离室及电荷剂量监测,法拉第杯/ICT/电离室及电荷剂量监测,题名及可用摘要线索,charge_dose,targeted_search_20261004,https://api.datacite.org/dois/10.18429%2Fjacow-rupac2016-thpsc047,否,not_download_attempted_in_this_survey,,,,,,专题标签仅为题名/摘要线索，不证明论文实际使用该器件；不同场景配置不得继承,本次未做全文科学审核,2026/10/4
未下载,本轮尚未尝试下载,IONDET-0344,Nak17,Non-destructive sub-picocoulomb charge measurement for laser-plasma accelerators,Non-destructive sub-picocoulomb charge measurement for laser-plasma accelerators,2017,2017,K. Nakamura; D. E. Mittelberger; A. J. Gonsalves; J. Daniels; H.-S. Mao; F. Stulle; J. Bergoz; W. P. Leemans,AIP Conference Proceedings,10.1063/1.4975893,https://doi.org/10.1063/1.4975893,,verified_crossref,E_范围外候选,电子束非破坏电荷测量；跨粒子借鉴需另审核,法拉第杯/ICT/电离室及电荷剂量监测,闪烁体/闪烁纤维/堆栈与断层,闪烁体/闪烁纤维/堆栈与断层; 法拉第杯/ICT/电离室及电荷剂量监测,,闪烁体/闪烁纤维/堆栈与断层; 法拉第杯/ICT/电离室及电荷剂量监测,题名及可用摘要线索,charge_laser,targeted_search_20261004,https://api.crossref.org/works/10.1063%2F1.4975893,否,not_download_attempted_in_this_survey,,,,,,专题标签仅为题名/摘要线索，不证明论文实际使用该器件；不同场景配置不得继承,本次未做全文科学审核,2026/10/4
未下载,待寻找公开全文,IONDET-0176,Ang16,"High performance diagnostics for Time-Of-Flight and X ray measurements in laser produced plasmas, based on fast diamond detectors","High performance diagnostics for Time-Of-Flight and X ray measurements in laser produced plasmas, based on fast diamond detectors",2016,2016,R. De Angelis; F. Consoli; C. Verona; G. Di Giorgio; P. Andreoli; G. Cristofari; M. Cipriani; F. Ingenito; M. Marinelli; G. Verona-Rinati,Journal of Instrumentation,10.1088/1748-0221/11/12/c12048,https://doi.org/10.1088/1748-0221/11/12/c12048,,verified,E_范围外候选,标题主对象为电子/光子/中子，未确认离子诊断功能,飞行时间TOF/时间分辨,半导体/金刚石/SiC/Si及像素探测,飞行时间TOF/时间分辨; 半导体/金刚石/SiC/Si及像素探测,飞行时间TOF/时间分辨; 半导体/金刚石/SiC/Si及像素探测,,仅题名/明确人工核对说明,semiconductor; tof,previous_224,https://api.crossref.org/works/10.1088%2F1748-0221%2F11%2F12%2Fc12048,否,needs_public_fulltext,,,,http://stacks.iop.org/1748-0221/11/i=12/a=C12048/pdf,,专题标签仅为题名/摘要线索，不证明论文实际使用该器件；不同场景配置不得继承；CCD/CMOS光学读出与直接半导体离子探测角色须全文区分,本次未做全文科学审核,2026/10/4
未下载,本轮尚未尝试下载,IONDET-0251,Ang15,Time-Of-Flight And X-Ray Detectors Based On Dual-Diamond Assembly For Laser Produced Plasmas In The Abc Facility,Time-Of-Flight And X-Ray Detectors Based On Dual-Diamond Assembly For Laser Produced Plasmas In The Abc Facility,2015,2015,R. De Angelis,"Unknown Journal, pp. 119",,,https://www.semanticscholar.org/paper/5819ca585a79731eae01a7819bfc4df6ebf46883,no_publication_doi_pending_identity,E_范围外候选,标题主对象为电子/光子/中子，未确认离子诊断功能,飞行时间TOF/时间分辨,,飞行时间TOF/时间分辨,飞行时间TOF/时间分辨,,仅题名/明确人工核对说明,tof,targeted_search_20261004,,否,not_download_attempted_in_this_survey,,,,,,专题标签仅为题名/摘要线索，不证明论文实际使用该器件；不同场景配置不得继承；未确认出版DOI；预印本/报告/会议与正式版关系待核对,本次未做全文科学审核,2026/10/4
未下载,本轮尚未尝试下载,IONDET-0323,Ble13,Measuring neutron yield and (cid:1) R anisotropies with activation foils at the National Ignition Facility,Measuring neutron yield and (cid:1) R anisotropies with activation foils at the National Ignition Facility,2013,2013,"D. Bleuel, ..., and C. Yeamans",Unknown Journal,,,https://www.semanticscholar.org/paper/f93af5f41bfc231c5640123f1b755f55e128d90c,no_publication_doi_pending_identity,E_范围外候选,NIF中子产额与面密度诊断,核活化/核反应间接离子诊断,,核活化/核反应间接离子诊断,核活化/核反应间接离子诊断,,题名及可用摘要线索,activation_calorimetry,targeted_search_20261004,,否,not_download_attempted_in_this_survey,,,,,,专题标签仅为题名/摘要线索，不证明论文实际使用该器件；不同场景配置不得继承；未确认出版DOI；预印本/报告/会议与正式版关系待核对,本次未做全文科学审核,2026/10/4
未下载,本轮尚未尝试下载,IONDET-0269,Cip12,"Compton scattering for single-shot spectroscopic detection of ultra-fast, high flux, broad energy range X-rays using Timepix","Compton scattering for single-shot spectroscopic detection of ultra-fast, high flux, broad energy range X-rays using Timepix",2012,2012,"Silvia Cipiccia, ..., and D. Jaroszynski",Journal of Instrumentation,,,https://www.semanticscholar.org/paper/f2d3e055a29d222f30015f919315559845a1662c,no_publication_doi_pending_identity,E_范围外候选,Timepix用于X射线Compton谱，不是离子探测,,半导体/金刚石/SiC/Si及像素探测,半导体/金刚石/SiC/Si及像素探测; 标定/反演/饱和与EMP抗扰,半导体/金刚石/SiC/Si及像素探测,半导体/金刚石/SiC/Si及像素探测; 标定/反演/饱和与EMP抗扰,题名及可用摘要线索,semiconductor,targeted_search_20261004,,否,not_download_attempted_in_this_survey,,,,,,专题标签仅为题名/摘要线索，不证明论文实际使用该器件；不同场景配置不得继承；未确认出版DOI；预印本/报告/会议与正式版关系待核对；CCD/CMOS光学读出与直接半导体离子探测角色须全文区分,本次未做全文科学审核,2026/10/4
未下载,本轮尚未尝试下载,IONDET-0317,Gun11,A novel nuclear pyrometry for the characterization of high-energy bremsstrahlung and electrons produced in relativistic laser-plasma interactions,A novel nuclear pyrometry for the characterization of high-energy bremsstrahlung and electrons produced in relativistic laser-plasma interactions,2011,2011,M. M. Günther; K. Sonnabend; E. Brambrink; K. Vogt; V. Bagnoud; K. Harres; M. Roth,Physics of Plasmas,10.1063/1.3613923,https://doi.org/10.1063/1.3613923,,verified_crossref,E_范围外候选,轫致辐射和电子核温度计,核活化/核反应间接离子诊断,,核活化/核反应间接离子诊断; 标定/反演/饱和与EMP抗扰,,核活化/核反应间接离子诊断; 标定/反演/饱和与EMP抗扰,题名及可用摘要线索,activation_calorimetry,targeted_search_20261004,https://api.crossref.org/works/10.1063%2F1.3613923,否,not_download_attempted_in_this_survey,,,,https://pubs.aip.org/aip/pop/article-pdf/doi/10.1063/1.3613923/16077954/083102_1_online.pdf,,专题标签仅为题名/摘要线索，不证明论文实际使用该器件；不同场景配置不得继承,本次未做全文科学审核,2026/10/4
未下载,本轮尚未尝试下载,IONDET-0342,Don10,Integrating current transformer calibration for charge measurement of electron beam generated in laser wakefield acceleration,Integrating current transformer calibration for charge measurement of electron beam generated in laser wakefield acceleration,2010,2010,董克攻 Dong Kegong; 朱斌 Zhu Bin; 吴玉迟 Wu Yuchi; 苏春晓 Su Chunxiao; 于瑞珍 Yu Ruizhen; 谷渝秋 Gu Yuqiu; 王晓方 Wang Xiaofang,High Power Laser and Particle Beams,10.3788/hplpb20102212.2819,https://doi.org/10.3788/hplpb20102212.2819,,verified_crossref,E_范围外候选,电子束ICT标定，不能直接当作离子ICT论文,法拉第杯/ICT/电离室及电荷剂量监测,,法拉第杯/ICT/电离室及电荷剂量监测; 标定/反演/饱和与EMP抗扰,法拉第杯/ICT/电离室及电荷剂量监测; 标定/反演/饱和与EMP抗扰,,仅题名/明确人工核对说明,charge_laser,targeted_search_20261004,https://api.crossref.org/works/10.3788%2Fhplpb20102212.2819,否,not_download_attempted_in_this_survey,,,,,,专题标签仅为题名/摘要线索，不证明论文实际使用该器件；不同场景配置不得继承,本次未做全文科学审核,2026/10/4
未下载,本轮尚未尝试下载,IONDET-0228,Nak08,Broadband single-shot electron spectrometer for GeV-class laser-plasma-based accelerators,Broadband single-shot electron spectrometer for GeV-class laser-plasma-based accelerators.,2008,2008,K. Nakamura; W. Wan; N. Ybarrolaza; D. Syversrud; J. Wallig; W. P. Leemans,Review of Scientific Instruments,10.1063/1.2929672,https://doi.org/10.1063/1.2929672,,verified_crossref,E_范围外候选,仅电子能谱；不当作离子诊断覆盖,磁谱仪/宽角与成像能谱仪,,磁谱仪/宽角与成像能谱仪,,磁谱仪/宽角与成像能谱仪,题名及可用摘要线索,magnetic,targeted_search_20261004,https://api.crossref.org/works/10.1063%2F1.2929672,否,not_download_attempted_in_this_survey,,,,https://pubs.aip.org/aip/rsi/article-pdf/doi/10.1063/1.2929672/15986648/053301_1_online.pdf,,专题标签仅为题名/摘要线索，不证明论文实际使用该器件；不同场景配置不得继承,本次未做全文科学审核,2026/10/4
未下载,本轮尚未尝试下载,IONDET-0231,Nak07,Lawrence Berkeley National Laboratory Lawrence Berkeley National Laboratory Title Broadband Single-Shot Electron Spectrometer for GeV-Class Laser Plasma Based Accelerators Permalink,Lawrence Berkeley National Laboratory Lawrence Berkeley National Laboratory Title Broadband Single-Shot Electron Spectrometer for GeV-Class Laser Plasma Based Accelerators Permalink,2007,2007,"K. Nakamura, ..., and W. Leemans",Unknown Journal,,,https://www.semanticscholar.org/paper/88e7475de1295bfc15289d4cf9f91f1f1a813ba7,no_publication_doi_pending_identity,E_范围外候选,仅电子能谱，且题名混入机构模板；保留审计,磁谱仪/宽角与成像能谱仪,,磁谱仪/宽角与成像能谱仪,,磁谱仪/宽角与成像能谱仪,题名及可用摘要线索,magnetic,targeted_search_20261004,,否,not_download_attempted_in_this_survey,,,,,,专题标签仅为题名/摘要线索，不证明论文实际使用该器件；不同场景配置不得继承；未确认出版DOI；预印本/报告/会议与正式版关系待核对,本次未做全文科学审核,2026/10/4
